Created on 01-25-2022,https://www.CryptoDataDownload.com
Unix Timestamp,Date,Symbol,Open,High,Low,Close,Volume
1642996800000,2022-01-24 04:00:00,LTCUSD,108.91,111.96,97.52,109.21,61855.88438
1642910400000,2022-01-23 04:00:00,LTCUSD,107.22,112.7,105.87,108.91,22489.56085
1642824000000,2022-01-22 04:00:00,LTCUSD,112.97,113.78,96.59,107.22,73696.27356
1642737600000,2022-01-21 04:00:00,LTCUSD,122.0,126.0,109.96,112.97,35170.55977
1642651200000,2022-01-20 04:00:00,LTCUSD,138.94,142.79,121.98,122.0,24021.6707
1642564800000,2022-01-19 04:00:00,LTCUSD,137.08,139.18,135.74,138.94,3961.30812
1642478400000,2022-01-18 04:00:00,LTCUSD,147.38,148.44,136.59,137.08,29640.78212
1642392000000,2022-01-17 04:00:00,LTCUSD,147.6,153.85,144.29,147.38,39148.38811
1642305600000,2022-01-16 04:00:00,LTCUSD,145.73,151.17,143.38,147.6,12073.13988
1642219200000,2022-01-15 04:00:00,LTCUSD,147.09,150.75,144.75,145.73,17507.38819
1642132800000,2022-01-14 04:00:00,LTCUSD,138.53,148.78,136.19,147.09,22933.62277
1642046400000,2022-01-13 04:00:00,LTCUSD,139.54,141.04,134.72,138.53,10183.03051
1641960000000,2022-01-12 04:00:00,LTCUSD,131.48,142.32,131.48,139.54,8532.81126
1641873600000,2022-01-11 04:00:00,LTCUSD,129.3,133.64,126.8,131.48,10974.70613
1641787200000,2022-01-10 04:00:00,LTCUSD,129.96,131.08,120.76,129.3,18535.88202
1641700800000,2022-01-09 04:00:00,LTCUSD,130.6,132.6,127.75,129.96,7617.42656
1641614400000,2022-01-08 04:00:00,LTCUSD,132.2,134.67,125.0,130.6,15799.85887
1641528000000,2022-01-07 04:00:00,LTCUSD,130.78,135.34,125.98,132.2,23870.61734
1641441600000,2022-01-06 04:00:00,LTCUSD,133.99,138.03,129.98,130.78,18733.20567
1641355200000,2022-01-05 04:00:00,LTCUSD,148.7,149.07,129.95,133.99,14077.24331
1641268800000,2022-01-04 04:00:00,LTCUSD,147.76,151.66,145.31,148.7,10450.86899
1641182400000,2022-01-03 04:00:00,LTCUSD,149.65,151.16,146.16,147.76,12856.47038
1641096000000,2022-01-02 04:00:00,LTCUSD,150.35,153.3,147.99,149.65,7487.27248
1641009600000,2022-01-01 04:00:00,LTCUSD,147.83,151.0,146.63,150.35,9348.7834
1640923200000,2021-12-31 04:00:00,LTCUSD,148.35,152.6,143.66,147.83,12610.84951
1640836800000,2021-12-30 04:00:00,LTCUSD,144.9,150.01,144.9,148.35,9152.67404
1640750400000,2021-12-29 04:00:00,LTCUSD,148.66,150.94,142.88,144.9,18176.86205
1640664000000,2021-12-28 04:00:00,LTCUSD,151.23,153.41,144.65,148.66,22208.276
1640577600000,2021-12-27 04:00:00,LTCUSD,156.75,161.24,149.49,151.23,14858.15578
1640491200000,2021-12-26 04:00:00,LTCUSD,153.96,157.82,153.47,156.75,10377.31097
1640404800000,2021-12-25 04:00:00,LTCUSD,161.12,163.7,153.24,153.96,17584.5408
1640318400000,2021-12-24 04:00:00,LTCUSD,165.49,165.94,160.24,161.12,33754.278
1640232000000,2021-12-23 04:00:00,LTCUSD,157.46,166.8,153.82,165.49,64186.91239
1640145600000,2021-12-22 04:00:00,LTCUSD,156.33,158.59,153.24,157.46,15315.29446
1640059200000,2021-12-21 04:00:00,LTCUSD,153.59,157.0,151.85,156.33,21127.00829
1639972800000,2021-12-20 04:00:00,LTCUSD,154.86,157.42,145.35,153.59,52565.6546
1639886400000,2021-12-19 04:00:00,LTCUSD,154.43,161.01,151.16,154.86,75023.52131
1639800000000,2021-12-18 04:00:00,LTCUSD,146.53,156.13,145.46,154.43,15359.33588
1639713600000,2021-12-17 04:00:00,LTCUSD,149.74,150.98,141.27,146.53,24436.67085
1639627200000,2021-12-16 04:00:00,LTCUSD,153.34,153.34,148.25,149.74,1239.13379
1639540800000,2021-12-15 04:00:00,LTCUSD,150.22,155.06,141.77,153.34,54689.2885
1639454400000,2021-12-14 04:00:00,LTCUSD,145.82,151.78,143.36,150.22,18823.81866
1639368000000,2021-12-13 04:00:00,LTCUSD,154.64,156.51,142.35,145.82,33943.26907
1639281600000,2021-12-12 04:00:00,LTCUSD,156.4,162.97,152.98,154.64,20784.5473
1639195200000,2021-12-11 04:00:00,LTCUSD,151.83,159.54,151.47,156.4,28208.60411
1639108800000,2021-12-10 04:00:00,LTCUSD,153.96,156.75,145.83,151.83,14562.23301
1639022400000,2021-12-09 04:00:00,LTCUSD,159.76,159.76,151.04,153.96,7985.3345
1638936000000,2021-12-08 04:00:00,LTCUSD,160.1,170.25,156.24,159.76,92516.43347
1638849600000,2021-12-07 04:00:00,LTCUSD,160.26,165.92,154.94,160.1,29973.8662531
1638763200000,2021-12-06 04:00:00,LTCUSD,154.71,164.59,141.55,160.26,53174.7589452
1638676800000,2021-12-05 04:00:00,LTCUSD,162.12,162.73,148.38,154.71,78018.3778191
1638590400000,2021-12-04 04:00:00,LTCUSD,175.97,181.81,130.0,162.12,174321.8379124
1638504000000,2021-12-03 04:00:00,LTCUSD,200.33,208.18,175.93,175.97,61821.874544
1638417600000,2021-12-02 04:00:00,LTCUSD,202.57,207.43,198.56,200.33,11336.8721645
1638331200000,2021-12-01 04:00:00,LTCUSD,212.78,217.31,200.28,202.57,10777.2465505
1638244800000,2021-11-30 04:00:00,LTCUSD,203.62,220.03,197.82,212.78,35353.5817716
1638158400000,2021-11-29 04:00:00,LTCUSD,199.01,210.55,195.59,203.62,43401.7342349
1638072000000,2021-11-28 04:00:00,LTCUSD,189.31,202.96,182.51,199.01,33732.5445801
1637985600000,2021-11-27 04:00:00,LTCUSD,198.13,200.41,183.96,189.31,22361.6614952
1637899200000,2021-11-26 04:00:00,LTCUSD,216.23,217.89,190.33,198.13,100357.2099185
1637812800000,2021-11-25 04:00:00,LTCUSD,219.91,229.81,214.47,216.23,33019.1466385
1637726400000,2021-11-24 04:00:00,LTCUSD,210.58,223.16,206.19,219.91,26878.207685
1637640000000,2021-11-23 04:00:00,LTCUSD,210.68,218.82,205.32,210.58,21184.6313137
1637553600000,2021-11-22 04:00:00,LTCUSD,215.11,220.0,205.47,210.68,17212.1471806
1637467200000,2021-11-21 04:00:00,LTCUSD,221.92,230.73,213.62,215.11,15717.0665765
1637380800000,2021-11-20 04:00:00,LTCUSD,221.67,228.0,213.16,221.92,16994.998065
1637294400000,2021-11-19 04:00:00,LTCUSD,202.0,225.23,201.97,221.67,21664.4706284
1637208000000,2021-11-18 04:00:00,LTCUSD,221.82,221.82,199.69,202.0,22572.4715107
1637121600000,2021-11-17 04:00:00,LTCUSD,222.83,235.42,218.39,221.82,23292.5383244
1637035200000,2021-11-16 04:00:00,LTCUSD,244.77,249.18,219.97,222.83,48661.8179077
1636948800000,2021-11-15 04:00:00,LTCUSD,278.63,281.34,240.19,244.77,38024.4373476
1636862400000,2021-11-14 04:00:00,LTCUSD,255.79,279.84,248.61,278.63,24626.1935276
1636776000000,2021-11-13 04:00:00,LTCUSD,246.69,264.07,245.17,255.79,12130.7386266
1636689600000,2021-11-12 04:00:00,LTCUSD,275.87,275.87,245.54,246.69,8406.8772443
1636603200000,2021-11-11 04:00:00,LTCUSD,257.25,282.83,252.53,275.87,55549.5929868
1636516800000,2021-11-10 04:00:00,LTCUSD,257.42,295.26,250.82,257.25,127210.7286859
1636430400000,2021-11-09 04:00:00,LTCUSD,247.47,274.69,241.62,257.42,106902.2096918
1636344000000,2021-11-08 04:00:00,LTCUSD,205.8,247.56,205.8,247.47,61747.9103589
1636257600000,2021-11-07 04:00:00,LTCUSD,199.43,208.03,197.66,205.8,13221.4103027
1636171200000,2021-11-06 04:00:00,LTCUSD,200.29,200.35,191.35,199.43,13149.2518385
1636084800000,2021-11-05 04:00:00,LTCUSD,201.14,203.37,196.91,200.29,17064.1483589
1635998400000,2021-11-04 04:00:00,LTCUSD,203.6,204.08,197.24,201.14,13900.891736
1635912000000,2021-11-03 04:00:00,LTCUSD,201.54,209.39,197.53,203.6,37079.9877317
1635825600000,2021-11-02 04:00:00,LTCUSD,195.96,204.94,195.55,201.54,23602.0852574
1635739200000,2021-11-01 04:00:00,LTCUSD,188.89,201.12,188.15,195.96,24043.0696451
1635652800000,2021-10-31 04:00:00,LTCUSD,192.75,194.0,186.98,188.89,15186.9605097
1635566400000,2021-10-30 04:00:00,LTCUSD,191.77,195.22,188.66,192.75,13609.1927384
1635480000000,2021-10-29 04:00:00,LTCUSD,193.05,198.75,189.23,191.77,18272.1191263
1635393600000,2021-10-28 04:00:00,LTCUSD,182.04,194.55,181.04,193.05,34842.0974279
1635307200000,2021-10-27 04:00:00,LTCUSD,202.48,202.48,177.81,182.04,4129.0656628
1635220800000,2021-10-26 04:00:00,LTCUSD,196.65,204.99,190.39,202.48,30967.5977371
1635134400000,2021-10-25 04:00:00,LTCUSD,193.84,197.26,193.01,196.65,13206.9319645
1635048000000,2021-10-24 04:00:00,LTCUSD,198.31,198.54,185.43,193.84,19885.5201729
1634961600000,2021-10-23 04:00:00,LTCUSD,193.61,199.78,188.88,198.31,16686.5411814
1634875200000,2021-10-22 04:00:00,LTCUSD,200.49,200.49,188.0,193.61,23991.8255643
1634788800000,2021-10-21 04:00:00,LTCUSD,208.85,211.84,195.22,200.49,50722.6883064
1634702400000,2021-10-20 04:00:00,LTCUSD,185.8,214.64,185.8,208.85,35511.3186275
1634616000000,2021-10-19 04:00:00,LTCUSD,190.98,191.16,183.32,185.8,23375.3708416
1634529600000,2021-10-18 04:00:00,LTCUSD,185.8,191.67,178.57,190.98,38603.5365549
1634443200000,2021-10-17 04:00:00,LTCUSD,187.24,188.11,176.8,185.8,19791.9209283
1634356800000,2021-10-16 04:00:00,LTCUSD,189.4,192.1,183.72,187.24,25241.5537148
1634270400000,2021-10-15 04:00:00,LTCUSD,184.34,193.21,177.81,189.4,59753.9038449
1634184000000,2021-10-14 04:00:00,LTCUSD,180.53,186.15,176.59,184.34,9269.0580924
1634097600000,2021-10-13 04:00:00,LTCUSD,174.19,180.95,167.72,180.53,51135.0677581
1634011200000,2021-10-12 04:00:00,LTCUSD,173.65,175.84,166.52,174.19,47601.7313257
1633924800000,2021-10-11 04:00:00,LTCUSD,180.31,183.32,172.3,173.65,16147.7029769
1633838400000,2021-10-10 04:00:00,LTCUSD,181.88,184.06,172.6,180.31,32587.7154206
1633752000000,2021-10-09 04:00:00,LTCUSD,177.7,182.87,176.13,181.88,33063.8927701
1633665600000,2021-10-08 04:00:00,LTCUSD,176.16,183.31,174.44,177.7,51653.113714
1633579200000,2021-10-07 04:00:00,LTCUSD,176.48,187.03,175.26,176.16,50188.2940451
1633492800000,2021-10-06 04:00:00,LTCUSD,171.69,183.0,171.69,176.48,28179.0582575
1633406400000,2021-10-05 04:00:00,LTCUSD,168.68,175.45,166.82,171.69,44729.2390999
1633320000000,2021-10-04 04:00:00,LTCUSD,165.85,170.37,161.53,168.68,39159.3547362
1633233600000,2021-10-03 04:00:00,LTCUSD,168.27,175.0,165.41,165.85,20760.0342756
1633147200000,2021-10-02 04:00:00,LTCUSD,166.0,172.8,165.38,168.27,21685.7816329
1633060800000,2021-10-01 04:00:00,LTCUSD,153.7,168.59,153.23,166.0,44345.4699191
1632974400000,2021-09-30 04:00:00,LTCUSD,150.8,154.81,149.34,153.7,40027.1466339
1632888000000,2021-09-29 04:00:00,LTCUSD,144.34,150.91,142.64,150.8,18405.7102405
1632801600000,2021-09-28 04:00:00,LTCUSD,147.27,148.89,139.9,144.34,53053.813851
1632715200000,2021-09-27 04:00:00,LTCUSD,153.01,154.1,144.34,147.27,39692.9755682
1632628800000,2021-09-26 04:00:00,LTCUSD,148.5,154.89,142.21,153.01,37352.3126162
1632542400000,2021-09-25 04:00:00,LTCUSD,154.38,155.76,146.65,148.5,34164.5353896
1632456000000,2021-09-24 04:00:00,LTCUSD,161.43,162.92,141.99,154.38,84115.9538952
1632369600000,2021-09-23 04:00:00,LTCUSD,161.37,166.77,157.4,161.43,36133.2080113
1632283200000,2021-09-22 04:00:00,LTCUSD,151.48,162.2,151.48,161.37,21370.925873
1632196800000,2021-09-21 04:00:00,LTCUSD,159.47,162.2,144.62,151.48,46606.7397499
1632110400000,2021-09-20 04:00:00,LTCUSD,167.01,168.18,150.22,159.47,86803.8088888
1632024000000,2021-09-19 04:00:00,LTCUSD,179.44,181.6,163.5,167.01,31279.3617086
1631937600000,2021-09-18 04:00:00,LTCUSD,182.08,185.74,178.43,179.44,21093.1134291
1631851200000,2021-09-17 04:00:00,LTCUSD,185.96,190.69,177.66,182.08,29742.3768303
1631764800000,2021-09-16 04:00:00,LTCUSD,187.92,195.47,181.68,185.96,37138.8669751
1631678400000,2021-09-15 04:00:00,LTCUSD,181.22,192.58,181.22,187.92,17610.7902559
1631592000000,2021-09-14 04:00:00,LTCUSD,178.47,188.89,176.66,181.22,36771.192394
1631505600000,2021-09-13 04:00:00,LTCUSD,175.54,236.7,170.94,178.47,217704.5985364
1631419200000,2021-09-12 04:00:00,LTCUSD,178.68,186.02,175.51,175.54,22136.4767395
1631332800000,2021-09-11 04:00:00,LTCUSD,174.8,186.02,173.57,178.68,32252.4584599
1631246400000,2021-09-10 04:00:00,LTCUSD,183.93,184.23,170.81,174.8,62116.0416181
1631160000000,2021-09-09 04:00:00,LTCUSD,179.46,188.77,178.15,183.93,79997.9250263
1631073600000,2021-09-08 04:00:00,LTCUSD,178.56,183.73,176.29,179.46,30761.4074625
1630987200000,2021-09-07 04:00:00,LTCUSD,219.06,221.38,163.44,178.56,192471.3444399
1630900800000,2021-09-06 04:00:00,LTCUSD,224.53,231.76,215.1,219.06,57854.610552
1630814400000,2021-09-05 04:00:00,LTCUSD,213.34,232.98,211.19,224.53,69071.6367483
1630728000000,2021-09-04 04:00:00,LTCUSD,213.49,225.07,209.0,213.34,59847.1703313
1630641600000,2021-09-03 04:00:00,LTCUSD,185.79,217.81,183.82,213.49,77106.3409531
1630555200000,2021-09-02 04:00:00,LTCUSD,182.35,187.93,180.0,185.79,32645.7094932
1630468800000,2021-09-01 04:00:00,LTCUSD,172.12,184.99,172.12,182.35,9595.7785867
1630382400000,2021-08-31 04:00:00,LTCUSD,169.14,175.34,167.66,172.12,24052.386514
1630296000000,2021-08-30 04:00:00,LTCUSD,172.32,176.44,165.77,169.14,38554.5473105
1630209600000,2021-08-29 04:00:00,LTCUSD,176.56,179.83,171.71,172.32,17223.8734401
1630123200000,2021-08-28 04:00:00,LTCUSD,174.12,182.83,171.46,176.56,16333.8635404
1630036800000,2021-08-27 04:00:00,LTCUSD,167.61,177.1,165.2,174.12,12085.6733235
1629950400000,2021-08-26 04:00:00,LTCUSD,171.67,172.56,165.0,167.61,17288.2870938
1629864000000,2021-08-25 04:00:00,LTCUSD,174.0,180.19,170.95,171.67,6933.898838
1629777600000,2021-08-24 04:00:00,LTCUSD,185.25,188.66,172.36,174.0,26186.081464
1629691200000,2021-08-23 04:00:00,LTCUSD,188.83,191.78,182.66,185.25,17734.0608273
1629604800000,2021-08-22 04:00:00,LTCUSD,182.63,190.78,178.77,188.83,27394.4011503
1629518400000,2021-08-21 04:00:00,LTCUSD,182.41,184.59,176.74,182.63,26994.7754124
1629432000000,2021-08-20 04:00:00,LTCUSD,175.85,184.16,174.25,182.41,38833.1024575
1629345600000,2021-08-19 04:00:00,LTCUSD,165.31,178.05,162.75,175.85,31683.7005421
1629259200000,2021-08-18 04:00:00,LTCUSD,168.85,174.49,164.55,165.31,12994.4035628
1629172800000,2021-08-17 04:00:00,LTCUSD,181.6,184.38,162.93,168.85,26419.2972593
1629086400000,2021-08-16 04:00:00,LTCUSD,183.8,189.08,173.17,181.6,42888.483309
1629000000000,2021-08-15 04:00:00,LTCUSD,182.91,187.73,175.41,183.8,21115.7117262
1628913600000,2021-08-14 04:00:00,LTCUSD,179.25,186.65,174.92,182.91,32932.9063431
1628827200000,2021-08-13 04:00:00,LTCUSD,168.41,185.1,167.56,179.25,46815.3119938
1628740800000,2021-08-12 04:00:00,LTCUSD,175.12,176.31,160.89,168.41,28319.6817258
1628654400000,2021-08-11 04:00:00,LTCUSD,165.8,179.69,165.8,175.12,16424.306571
1628568000000,2021-08-10 04:00:00,LTCUSD,162.86,168.33,158.91,165.8,33325.4025939
1628481600000,2021-08-09 04:00:00,LTCUSD,147.41,170.81,146.64,162.86,40771.0471983
1628395200000,2021-08-08 04:00:00,LTCUSD,154.29,157.41,145.26,147.41,24510.3942412
1628308800000,2021-08-07 04:00:00,LTCUSD,153.5,157.69,149.15,154.29,28937.9198132
1628222400000,2021-08-06 04:00:00,LTCUSD,146.12,153.94,143.45,153.5,16720.35631
1628136000000,2021-08-05 04:00:00,LTCUSD,140.79,147.44,136.2,146.12,18978.6797151
1628049600000,2021-08-04 04:00:00,LTCUSD,137.26,144.44,137.26,140.79,3033.7427249
1627963200000,2021-08-03 04:00:00,LTCUSD,138.99,140.45,135.72,137.26,22354.7031509
1627876800000,2021-08-02 04:00:00,LTCUSD,141.44,145.85,138.38,138.99,20281.751096
1627790400000,2021-08-01 04:00:00,LTCUSD,149.68,149.7,137.96,141.44,16723.4021327
1627704000000,2021-07-31 04:00:00,LTCUSD,144.82,149.68,142.0,149.68,13407.9484261
1627617600000,2021-07-30 04:00:00,LTCUSD,142.84,146.62,136.01,144.82,16213.3580742
1627531200000,2021-07-29 04:00:00,LTCUSD,138.78,143.83,137.2,142.84,28383.9335213
1627444800000,2021-07-28 04:00:00,LTCUSD,135.51,142.05,135.51,138.78,15603.9872444
1627358400000,2021-07-27 04:00:00,LTCUSD,128.93,137.14,128.21,135.51,31943.0009426
1627272000000,2021-07-26 04:00:00,LTCUSD,137.17,140.43,127.48,128.93,47740.2732899
1627185600000,2021-07-25 04:00:00,LTCUSD,124.95,138.76,123.86,137.17,17875.3394684
1627099200000,2021-07-24 04:00:00,LTCUSD,126.35,127.76,123.33,124.95,14109.9714256
1627012800000,2021-07-23 04:00:00,LTCUSD,120.61,126.47,117.05,126.35,17230.5706084
1626926400000,2021-07-22 04:00:00,LTCUSD,116.63,122.15,115.68,120.61,15228.9831148
1626840000000,2021-07-21 04:00:00,LTCUSD,108.89,119.13,108.89,116.63,9446.3615167
1626753600000,2021-07-20 04:00:00,LTCUSD,106.56,109.68,103.78,108.89,29193.1037758
1626667200000,2021-07-19 04:00:00,LTCUSD,118.69,120.68,105.89,106.56,26356.0366801
1626580800000,2021-07-18 04:00:00,LTCUSD,123.06,123.12,116.35,118.69,21323.6009378
1626494400000,2021-07-17 04:00:00,LTCUSD,119.88,124.08,117.77,123.06,13147.159342
1626408000000,2021-07-16 04:00:00,LTCUSD,126.77,127.57,118.48,119.88,15567.9837809
1626321600000,2021-07-15 04:00:00,LTCUSD,129.26,129.34,122.08,126.77,22274.5373373
1626235200000,2021-07-14 04:00:00,LTCUSD,124.82,133.01,124.82,129.26,6030.3147206
1626148800000,2021-07-13 04:00:00,LTCUSD,133.28,134.46,123.86,124.82,18723.8749172
1626062400000,2021-07-12 04:00:00,LTCUSD,135.37,139.66,131.88,133.28,23399.2238649
1625976000000,2021-07-11 04:00:00,LTCUSD,132.35,136.49,132.25,135.37,12148.0255329
1625889600000,2021-07-10 04:00:00,LTCUSD,133.76,135.55,130.34,132.35,6753.5509609
1625803200000,2021-07-09 04:00:00,LTCUSD,130.73,136.81,127.95,133.76,14078.2495009
1625716800000,2021-07-08 04:00:00,LTCUSD,135.3,135.3,126.15,130.73,17225.6649566
1625630400000,2021-07-07 04:00:00,LTCUSD,140.22,143.0,133.42,135.3,19395.8842991
1625544000000,2021-07-06 04:00:00,LTCUSD,138.55,142.76,135.76,140.22,12129.3122783
1625457600000,2021-07-05 04:00:00,LTCUSD,141.27,141.94,134.0,138.55,15891.7633783
1625371200000,2021-07-04 04:00:00,LTCUSD,138.63,148.02,138.54,141.27,13631.9972453
1625284800000,2021-07-03 04:00:00,LTCUSD,135.35,141.46,134.93,138.63,5125.7294969
1625198400000,2021-07-02 04:00:00,LTCUSD,132.43,137.2,130.69,135.35,18054.7799789
1625112000000,2021-07-01 04:00:00,LTCUSD,139.14,140.85,132.07,132.43,26376.9219827
1625025600000,2021-06-30 04:00:00,LTCUSD,142.23,144.62,136.18,139.14,11586.5381457
1624939200000,2021-06-29 04:00:00,LTCUSD,138.46,149.14,138.35,142.23,29382.3761008
1624852800000,2021-06-28 04:00:00,LTCUSD,130.68,142.16,129.98,138.46,28067.4133602
1624766400000,2021-06-27 04:00:00,LTCUSD,129.24,133.16,124.69,130.68,14305.5347773
1624680000000,2021-06-26 04:00:00,LTCUSD,126.65,129.49,118.79,129.24,26875.1407999
1624593600000,2021-06-25 04:00:00,LTCUSD,137.17,137.86,123.96,126.65,32542.8621016
1624507200000,2021-06-24 04:00:00,LTCUSD,126.84,137.17,126.84,137.17,4.46643
1624420800000,2021-06-23 04:00:00,LTCUSD,128.85,130.28,123.65,126.84,17102.776647
1624334400000,2021-06-22 04:00:00,LTCUSD,131.42,131.79,105.0,128.85,114811.3976089
1624248000000,2021-06-21 04:00:00,LTCUSD,149.54,149.7,119.81,131.42,53410.3442167
1624161600000,2021-06-20 04:00:00,LTCUSD,153.26,156.17,143.8,149.54,20384.8779349
1624075200000,2021-06-19 04:00:00,LTCUSD,154.56,160.61,150.55,153.26,8192.1932419
1623988800000,2021-06-18 04:00:00,LTCUSD,165.29,167.24,151.57,154.56,20498.7228079
1623902400000,2021-06-17 04:00:00,LTCUSD,171.17,173.44,162.9,165.29,20810.8769447
1623816000000,2021-06-16 04:00:00,LTCUSD,172.63,172.63,165.43,171.17,2368.8584207
1623729600000,2021-06-15 04:00:00,LTCUSD,178.68,181.0,170.42,172.63,23560.3791031
1623643200000,2021-06-14 04:00:00,LTCUSD,168.57,181.21,166.56,178.68,27900.4279869
1623556800000,2021-06-13 04:00:00,LTCUSD,157.54,172.58,156.88,168.57,20728.6065323
1623470400000,2021-06-12 04:00:00,LTCUSD,157.03,164.38,154.28,157.54,20473.4360159
1623384000000,2021-06-11 04:00:00,LTCUSD,171.32,173.78,154.63,157.03,33114.0644749
1623297600000,2021-06-10 04:00:00,LTCUSD,170.3,173.32,162.24,171.32,39964.03195
1623211200000,2021-06-09 04:00:00,LTCUSD,154.73,174.61,154.73,170.3,13186.1164575
1623124800000,2021-06-08 04:00:00,LTCUSD,156.54,163.03,145.04,154.73,36444.3435016
1623038400000,2021-06-07 04:00:00,LTCUSD,181.05,182.26,152.73,156.54,32231.3516171
1622952000000,2021-06-06 04:00:00,LTCUSD,176.61,182.25,172.94,181.05,22642.2026378
1622865600000,2021-06-05 04:00:00,LTCUSD,182.21,185.57,167.74,176.61,22877.7435891
1622779200000,2021-06-04 04:00:00,LTCUSD,182.95,184.86,169.25,182.21,17854.0960692
1622692800000,2021-06-03 04:00:00,LTCUSD,186.35,193.78,179.61,182.95,9287.477093
1622606400000,2021-06-02 04:00:00,LTCUSD,182.53,191.32,180.02,186.35,14386.4841678
1622520000000,2021-06-01 04:00:00,LTCUSD,183.31,187.67,175.99,182.53,18565.1429673
1622433600000,2021-05-31 04:00:00,LTCUSD,165.84,193.04,163.9,183.31,26817.3839815
1622347200000,2021-05-30 04:00:00,LTCUSD,166.49,181.0,163.8,165.84,50253.4666843
1622260800000,2021-05-29 04:00:00,LTCUSD,186.36,187.45,155.3,166.49,37051.651106
1622174400000,2021-05-28 04:00:00,LTCUSD,194.24,194.24,165.76,186.36,61876.230408
1622088000000,2021-05-27 04:00:00,LTCUSD,184.11,203.91,184.11,194.24,15202.6192788
1622001600000,2021-05-26 04:00:00,LTCUSD,191.73,204.42,180.78,184.11,65327.3442471
1621915200000,2021-05-25 04:00:00,LTCUSD,181.84,192.31,167.66,191.73,42428.0599189
1621828800000,2021-05-24 04:00:00,LTCUSD,151.53,194.94,146.2,181.84,86443.9564812
1621742400000,2021-05-23 04:00:00,LTCUSD,171.4,172.98,118.36,151.53,134914.0322397
1621656000000,2021-05-22 04:00:00,LTCUSD,178.88,184.41,162.0,171.4,65258.2114475
1621569600000,2021-05-21 04:00:00,LTCUSD,208.58,208.58,157.31,178.88,56104.1326436
1621483200000,2021-05-20 04:00:00,LTCUSD,194.35,225.68,192.61,208.58,102991.4208676
1621396800000,2021-05-19 04:00:00,LTCUSD,273.41,276.04,165.0,194.35,294761.3607665
1621310400000,2021-05-18 04:00:00,LTCUSD,302.29,318.49,268.79,273.41,58271.0177222
1621224000000,2021-05-17 04:00:00,LTCUSD,269.11,307.75,261.3,302.29,50790.2161131
1621137600000,2021-05-16 04:00:00,LTCUSD,311.19,323.86,267.7,269.11,47809.7150207
1621051200000,2021-05-15 04:00:00,LTCUSD,325.04,327.31,296.55,311.19,22539.1150704
1620964800000,2021-05-14 04:00:00,LTCUSD,311.91,339.62,308.66,325.04,32980.6198167
1620878400000,2021-05-13 04:00:00,LTCUSD,325.49,326.62,290.96,311.91,26900.7830905
1620792000000,2021-05-12 04:00:00,LTCUSD,392.32,392.5,292.0,325.49,96151.8437401
1620705600000,2021-05-11 04:00:00,LTCUSD,352.72,406.11,348.22,392.32,33736.324236
1620619200000,2021-05-10 04:00:00,LTCUSD,409.76,409.97,334.78,352.72,81262.3068996
1620532800000,2021-05-09 04:00:00,LTCUSD,339.49,413.89,334.52,409.76,57913.8244315
1620446400000,2021-05-08 04:00:00,LTCUSD,353.15,356.06,335.0,339.49,23863.2199593
1620360000000,2021-05-07 04:00:00,LTCUSD,352.04,372.85,333.88,353.15,46128.9024
1620273600000,2021-05-06 04:00:00,LTCUSD,342.91,373.0,318.09,352.04,51291.0272047
1620187200000,2021-05-05 04:00:00,LTCUSD,332.4,366.13,322.46,342.91,89332.3938544
1620100800000,2021-05-04 04:00:00,LTCUSD,277.01,341.77,275.83,332.4,92222.9936914
1620014400000,2021-05-03 04:00:00,LTCUSD,273.21,299.99,271.0,277.01,47974.2847193
1619928000000,2021-05-02 04:00:00,LTCUSD,268.25,274.78,265.37,273.21,17850.5087162
1619841600000,2021-05-01 04:00:00,LTCUSD,274.48,278.71,265.92,268.25,17586.7535763
1619755200000,2021-04-30 04:00:00,LTCUSD,260.2,275.08,260.2,274.48,15333.2846819
1619668800000,2021-04-29 04:00:00,LTCUSD,254.21,262.9,248.85,260.2,25409.6094502
1619582400000,2021-04-28 04:00:00,LTCUSD,255.99,260.54,248.5,254.21,25657.4080133
1619496000000,2021-04-27 04:00:00,LTCUSD,248.44,267.03,246.63,255.99,26678.6337
1619409600000,2021-04-26 04:00:00,LTCUSD,238.39,252.07,236.28,248.44,24443.162582
1619323200000,2021-04-25 04:00:00,LTCUSD,224.44,240.41,211.16,238.39,41116.7477766
1619236800000,2021-04-24 04:00:00,LTCUSD,234.33,236.82,220.93,224.44,33810.3528983
1619150400000,2021-04-23 04:00:00,LTCUSD,232.76,242.53,217.17,234.33,48838.4823855
1619064000000,2021-04-22 04:00:00,LTCUSD,257.77,289.7,206.73,232.76,60038.0039473
1618977600000,2021-04-21 04:00:00,LTCUSD,258.64,276.75,251.53,257.77,40267.538577
1618891200000,2021-04-20 04:00:00,LTCUSD,247.8,273.18,234.65,258.64,46497.9540523
1618804800000,2021-04-19 04:00:00,LTCUSD,280.5,281.44,237.94,247.8,98041.3426995
1618718400000,2021-04-18 04:00:00,LTCUSD,273.18,282.59,246.0,280.5,63343.7053142
1618632000000,2021-04-17 04:00:00,LTCUSD,323.92,335.53,230.97,273.18,127930.6173864
1618545600000,2021-04-16 04:00:00,LTCUSD,295.14,334.28,276.92,323.92,79422.0315445
1618459200000,2021-04-15 04:00:00,LTCUSD,278.44,297.15,266.29,295.14,55883.377686
1618372800000,2021-04-14 04:00:00,LTCUSD,279.78,283.22,255.19,278.44,54483.1518264
1618286400000,2021-04-13 04:00:00,LTCUSD,250.17,283.31,247.8,279.78,40569.798751
1618200000000,2021-04-12 04:00:00,LTCUSD,253.87,258.79,240.01,250.17,40196.2581636
1618113600000,2021-04-11 04:00:00,LTCUSD,250.48,263.02,244.65,253.87,53769.7728469
1618027200000,2021-04-10 04:00:00,LTCUSD,226.62,258.28,225.73,250.48,76592.7518157
1617940800000,2021-04-09 04:00:00,LTCUSD,224.34,228.83,218.99,226.62,31003.8982606
1617854400000,2021-04-08 04:00:00,LTCUSD,221.42,228.9,221.42,224.34,21770.5672251
1617768000000,2021-04-07 04:00:00,LTCUSD,239.92,242.85,211.0,221.42,121237.2434965
1617681600000,2021-04-06 04:00:00,LTCUSD,218.43,244.46,212.38,239.92,139594.9656477
1617595200000,2021-04-05 04:00:00,LTCUSD,202.81,227.73,198.26,218.43,44641.1126875
1617508800000,2021-04-04 04:00:00,LTCUSD,199.46,207.51,196.96,202.81,15359.8668085
1617422400000,2021-04-03 04:00:00,LTCUSD,210.75,217.51,192.43,199.46,22566.7064486
1617336000000,2021-04-02 04:00:00,LTCUSD,206.18,214.76,201.39,210.75,22987.6816569
1617249600000,2021-04-01 04:00:00,LTCUSD,197.47,208.83,194.19,206.18,25614.7799339
1617163200000,2021-03-31 04:00:00,LTCUSD,193.62,200.82,187.21,197.47,21002.2776898
1617076800000,2021-03-30 04:00:00,LTCUSD,190.84,200.0,190.11,193.62,18270.7997253
1616990400000,2021-03-29 04:00:00,LTCUSD,190.62,197.36,189.97,190.84,14472.8602202
1616904000000,2021-03-28 04:00:00,LTCUSD,186.28,192.15,180.39,190.62,12679.8944512
1616817600000,2021-03-27 04:00:00,LTCUSD,181.8,186.28,177.84,186.28,11350.6044984
1616731200000,2021-03-26 04:00:00,LTCUSD,175.15,184.8,174.01,181.8,16810.0268528
1616644800000,2021-03-25 04:00:00,LTCUSD,175.83,178.15,167.72,175.15,21976.8966257
1616558400000,2021-03-24 04:00:00,LTCUSD,191.02,196.99,171.32,175.83,36668.4923813
1616472000000,2021-03-23 04:00:00,LTCUSD,188.27,193.32,181.29,191.02,18704.6189579
1616385600000,2021-03-22 04:00:00,LTCUSD,194.83,198.43,184.91,188.27,21343.8226465
1616299200000,2021-03-21 04:00:00,LTCUSD,199.27,199.46,190.28,194.83,9210.3974091
1616212800000,2021-03-20 04:00:00,LTCUSD,202.2,206.17,197.4,199.27,16596.7501861
1616126400000,2021-03-19 04:00:00,LTCUSD,201.09,202.98,199.0,202.2,4280.0424941
1616040000000,2021-03-18 04:00:00,LTCUSD,204.75,208.19,195.9,201.09,20402.9448022
1615953600000,2021-03-17 04:00:00,LTCUSD,197.29,207.93,194.39,204.75,21607.8107285
1615867200000,2021-03-16 04:00:00,LTCUSD,196.38,205.2,193.25,197.29,27922.37977
1615780800000,2021-03-15 04:00:00,LTCUSD,219.66,222.4,191.29,196.38,69245.6269453
1615694400000,2021-03-14 04:00:00,LTCUSD,224.18,224.75,212.29,219.66,27016.7207667
1615608000000,2021-03-13 04:00:00,LTCUSD,217.13,230.0,214.69,224.18,42523.0499776
1615521600000,2021-03-12 04:00:00,LTCUSD,209.49,224.0,200.91,217.13,56028.2908388
1615435200000,2021-03-11 04:00:00,LTCUSD,199.59,211.37,197.45,209.49,21411.0265971
1615348800000,2021-03-10 04:00:00,LTCUSD,193.28,207.98,192.47,199.59,34097.542765
1615262400000,2021-03-09 04:00:00,LTCUSD,199.0,207.78,191.52,193.28,32679.8932444
1615176000000,2021-03-08 04:00:00,LTCUSD,188.53,200.55,179.89,199.0,36671.3701338
1615089600000,2021-03-07 04:00:00,LTCUSD,184.55,195.21,182.46,188.53,20095.9645071
1615003200000,2021-03-06 04:00:00,LTCUSD,179.56,186.77,174.84,184.55,20794.3682841
1614916800000,2021-03-05 04:00:00,LTCUSD,173.12,184.46,169.8,179.56,32761.2228386
1614830400000,2021-03-04 04:00:00,LTCUSD,185.14,187.66,168.63,173.12,26065.2335898
1614744000000,2021-03-03 04:00:00,LTCUSD,185.1,196.66,184.79,185.14,47944.2800469
1614657600000,2021-03-02 04:00:00,LTCUSD,173.54,185.29,170.77,185.1,29134.9123624
1614571200000,2021-03-01 04:00:00,LTCUSD,165.43,179.78,163.69,173.54,31620.4260082
1614484800000,2021-02-28 04:00:00,LTCUSD,158.59,169.9,153.09,165.43,34206.086511
1614398400000,2021-02-27 04:00:00,LTCUSD,176.05,179.82,158.1,158.59,28036.5582996
1614312000000,2021-02-26 04:00:00,LTCUSD,176.76,181.16,162.87,176.05,44743.5789677
1614225600000,2021-02-25 04:00:00,LTCUSD,181.64,196.0,169.5,176.76,38714.9265218
1614139200000,2021-02-24 04:00:00,LTCUSD,184.42,189.47,172.31,181.64,50500.0923616
1614052800000,2021-02-23 04:00:00,LTCUSD,195.58,198.3,158.88,184.42,111651.5557692
1613966400000,2021-02-22 04:00:00,LTCUSD,219.45,223.44,178.0,195.58,61611.5516267
1613880000000,2021-02-21 04:00:00,LTCUSD,227.43,232.98,218.93,219.45,24113.8315322
1613793600000,2021-02-20 04:00:00,LTCUSD,243.55,245.21,214.71,227.43,32412.9478161
1613707200000,2021-02-19 04:00:00,LTCUSD,224.91,246.98,222.88,243.55,44002.1057591
1613620800000,2021-02-18 04:00:00,LTCUSD,232.72,232.72,220.0,224.91,17503.565819
1613534400000,2021-02-17 04:00:00,LTCUSD,208.92,239.41,203.57,232.72,63585.468375
1613448000000,2021-02-16 04:00:00,LTCUSD,216.5,221.83,200.49,208.92,39780.5957908
1613361600000,2021-02-15 04:00:00,LTCUSD,199.37,220.21,191.11,216.5,43384.9971803
1613275200000,2021-02-14 04:00:00,LTCUSD,215.95,230.71,186.23,199.37,73911.0888945
1613188800000,2021-02-13 04:00:00,LTCUSD,206.89,229.5,192.0,215.95,65669.6017114
1613102400000,2021-02-12 04:00:00,LTCUSD,183.12,207.81,177.0,206.89,64784.977093
1613016000000,2021-02-11 04:00:00,LTCUSD,182.53,191.24,181.02,183.12,19447.4506112
1612929600000,2021-02-10 04:00:00,LTCUSD,189.1,195.56,170.52,182.53,54301.2872779
1612843200000,2021-02-09 04:00:00,LTCUSD,172.44,194.79,164.4,189.1,51786.076492
1612756800000,2021-02-08 04:00:00,LTCUSD,148.49,172.87,148.29,172.44,49389.2595687
1612670400000,2021-02-07 04:00:00,LTCUSD,152.22,155.19,145.31,148.49,32870.8182087
1612584000000,2021-02-06 04:00:00,LTCUSD,161.7,164.0,150.77,152.22,30551.6849987
1612497600000,2021-02-05 04:00:00,LTCUSD,148.08,164.0,147.53,161.7,40444.6712634
1612411200000,2021-02-04 04:00:00,LTCUSD,149.99,149.99,143.48,148.08,11789.1278331
1612324800000,2021-02-03 04:00:00,LTCUSD,153.44,158.94,148.54,149.99,25529.5604497
1612238400000,2021-02-02 04:00:00,LTCUSD,133.23,154.75,133.23,153.44,54922.9535792
1612152000000,2021-02-01 04:00:00,LTCUSD,130.57,136.5,127.65,133.23,30296.2589753
1612065600000,2021-01-31 04:00:00,LTCUSD,131.59,133.86,125.85,130.57,22381.7905025
1611979200000,2021-01-30 04:00:00,LTCUSD,130.15,135.9,128.75,131.59,25533.9356352
1611892800000,2021-01-29 04:00:00,LTCUSD,136.2,146.12,127.78,130.15,39270.1407576
1611806400000,2021-01-28 04:00:00,LTCUSD,127.36,139.18,127.36,136.2,21859.7237235
1611720000000,2021-01-27 04:00:00,LTCUSD,131.83,131.85,118.14,127.36,29508.8642756
1611633600000,2021-01-26 04:00:00,LTCUSD,134.89,137.45,128.37,131.83,16280.9614466
1611547200000,2021-01-25 04:00:00,LTCUSD,147.01,147.32,133.95,134.89,24758.8076988
1611460800000,2021-01-24 04:00:00,LTCUSD,140.72,147.68,133.9,147.01,23284.2156131
1611374400000,2021-01-23 04:00:00,LTCUSD,137.16,143.49,136.0,140.72,31506.8152151
1611288000000,2021-01-22 04:00:00,LTCUSD,134.98,141.79,133.22,137.16,27079.5012159
1611201600000,2021-01-21 04:00:00,LTCUSD,144.77,144.77,122.8,134.98,18609.3243965
1611115200000,2021-01-20 04:00:00,LTCUSD,148.74,153.75,137.57,144.77,24865.7158717
1611028800000,2021-01-19 04:00:00,LTCUSD,158.59,166.15,147.74,148.74,50321.7677089
1610942400000,2021-01-18 04:00:00,LTCUSD,139.7,160.41,138.69,158.59,53205.1424097
1610856000000,2021-01-17 04:00:00,LTCUSD,143.98,145.75,136.6,139.7,18933.8450912
1610769600000,2021-01-16 04:00:00,LTCUSD,143.67,152.63,139.29,143.98,24341.1486891
1610683200000,2021-01-15 04:00:00,LTCUSD,150.0,151.74,130.0,143.67,41259.3964726
1610596800000,2021-01-14 04:00:00,LTCUSD,145.02,155.29,145.02,150.0,4416.5325958
1610510400000,2021-01-13 04:00:00,LTCUSD,133.72,149.99,129.94,145.02,30655.9037107
1610424000000,2021-01-12 04:00:00,LTCUSD,140.8,146.78,125.67,133.72,57900.9617042
1610337600000,2021-01-11 04:00:00,LTCUSD,143.22,149.17,112.01,140.8,189473.712749
1610251200000,2021-01-10 04:00:00,LTCUSD,179.08,185.93,123.23,143.22,73183.5118874
1610164800000,2021-01-09 04:00:00,LTCUSD,171.49,186.37,163.65,179.08,34613.9067723
1610078400000,2021-01-08 04:00:00,LTCUSD,158.38,182.11,155.6,171.49,48038.2906634
1609992000000,2021-01-07 04:00:00,LTCUSD,170.5,170.5,150.43,158.38,15276.8855544
1609905600000,2021-01-06 04:00:00,LTCUSD,157.04,173.24,157.04,170.5,53189.9888721
1609819200000,2021-01-05 04:00:00,LTCUSD,149.58,163.56,146.8,157.04,46622.1471118
1609732800000,2021-01-04 04:00:00,LTCUSD,164.71,174.87,138.0,149.58,91816.4236269
1609646400000,2021-01-03 04:00:00,LTCUSD,135.78,165.0,135.53,164.71,59307.6641424
1609560000000,2021-01-02 04:00:00,LTCUSD,125.4,141.73,124.3,135.78,40854.6929817
1609473600000,2021-01-01 04:00:00,LTCUSD,132.33,132.33,123.75,125.4,22844.5307304
1609387200000,2020-12-31 04:00:00,LTCUSD,127.01,134.2,122.19,132.33,24056.0795033
1609300800000,2020-12-30 04:00:00,LTCUSD,130.02,131.27,122.87,127.01,28744.4263524
1609214400000,2020-12-29 04:00:00,LTCUSD,126.08,132.78,120.03,130.02,24707.7052765
1609128000000,2020-12-28 04:00:00,LTCUSD,129.6,136.79,125.1,126.08,44789.631176
1609041600000,2020-12-27 04:00:00,LTCUSD,133.64,139.0,121.34,129.6,30469.9517104
1608955200000,2020-12-26 04:00:00,LTCUSD,131.24,136.0,125.49,133.64,29822.3971589
1608868800000,2020-12-25 04:00:00,LTCUSD,108.79,132.4,108.23,131.24,40934.3171279
1608782400000,2020-12-24 04:00:00,LTCUSD,102.67,112.63,101.17,108.79,37693.1487217
1608696000000,2020-12-23 04:00:00,LTCUSD,113.84,113.94,95.29,102.67,46557.7247397
1608609600000,2020-12-22 04:00:00,LTCUSD,103.95,117.23,98.44,113.84,47321.5006907
1608523200000,2020-12-21 04:00:00,LTCUSD,115.59,118.59,100.55,103.95,62668.1225868
1608436800000,2020-12-20 04:00:00,LTCUSD,117.48,123.22,110.33,115.59,32340.3249004
1608350400000,2020-12-19 04:00:00,LTCUSD,108.24,124.55,105.35,117.48,64193.0843009
1608264000000,2020-12-18 04:00:00,LTCUSD,107.98,111.75,102.71,108.24,27344.8124428
1608177600000,2020-12-17 04:00:00,LTCUSD,91.37,112.88,91.37,107.98,13045.1932399
1608091200000,2020-12-16 04:00:00,LTCUSD,79.73,94.27,79.6,91.37,61017.6876526
1608004800000,2020-12-15 04:00:00,LTCUSD,83.68,83.69,78.44,79.73,30571.0447124
1607918400000,2020-12-14 04:00:00,LTCUSD,82.06,84.78,79.13,83.68,30132.182189
1607832000000,2020-12-13 04:00:00,LTCUSD,75.83,84.28,75.6,82.06,28579.7568853
1607745600000,2020-12-12 04:00:00,LTCUSD,74.8,77.64,74.46,75.83,11251.3088418
1607659200000,2020-12-11 04:00:00,LTCUSD,72.03,75.22,69.82,74.8,27949.9996442
1607572800000,2020-12-10 04:00:00,LTCUSD,76.68,76.68,71.25,72.03,1330.46275
1607486400000,2020-12-09 04:00:00,LTCUSD,76.63,78.2,72.05,76.68,29255.7477051
1607400000000,2020-12-08 04:00:00,LTCUSD,83.14,83.7,75.18,76.63,27600.5338372
1607313600000,2020-12-07 04:00:00,LTCUSD,83.33,86.82,81.84,83.14,28670.3644627
1607227200000,2020-12-06 04:00:00,LTCUSD,83.64,84.17,80.55,83.33,11644.5129807
1607140800000,2020-12-05 04:00:00,LTCUSD,80.66,85.2,80.66,83.64,15073.0845219
1607054400000,2020-12-04 04:00:00,LTCUSD,86.91,86.91,79.5,80.66,1870.2227103
1606968000000,2020-12-03 04:00:00,LTCUSD,88.1,91.23,85.27,86.91,35247.8856286
1606881600000,2020-12-02 04:00:00,LTCUSD,84.78,90.71,83.33,88.1,26988.3828972
1606795200000,2020-12-01 04:00:00,LTCUSD,88.3,93.13,79.84,84.78,82317.576106
1606708800000,2020-11-30 04:00:00,LTCUSD,79.79,90.65,76.78,88.3,56667.5915011
1606622400000,2020-11-29 04:00:00,LTCUSD,74.56,81.01,73.27,79.79,33576.6805308
1606536000000,2020-11-28 04:00:00,LTCUSD,69.05,74.99,68.48,74.56,26694.7947831
1606449600000,2020-11-27 04:00:00,LTCUSD,70.94,72.53,65.33,69.05,37748.7912473
1606363200000,2020-11-26 04:00:00,LTCUSD,77.24,78.53,64.53,70.94,81304.0279895
1606276800000,2020-11-25 04:00:00,LTCUSD,86.12,90.06,71.32,77.24,41122.858436
1606190400000,2020-11-24 04:00:00,LTCUSD,89.49,94.08,85.88,86.12,42978.38368
1606104000000,2020-11-23 04:00:00,LTCUSD,83.93,92.5,83.61,89.49,43155.9947864
1606017600000,2020-11-22 04:00:00,LTCUSD,84.95,85.91,78.0,83.93,26677.1354249
1605931200000,2020-11-21 04:00:00,LTCUSD,82.05,88.5,80.33,84.95,40857.1002751
1605844800000,2020-11-20 04:00:00,LTCUSD,81.43,85.65,80.2,82.05,47286.7288885
1605758400000,2020-11-19 04:00:00,LTCUSD,74.15,83.35,74.15,81.43,3264.2745127
1605672000000,2020-11-18 04:00:00,LTCUSD,75.47,75.94,68.0,74.15,44171.0861398
1605585600000,2020-11-17 04:00:00,LTCUSD,73.48,77.03,71.5,75.47,52609.8002914
1605499200000,2020-11-16 04:00:00,LTCUSD,66.23,75.64,65.84,73.48,47338.8282184
1605412800000,2020-11-15 04:00:00,LTCUSD,62.67,66.37,61.17,66.23,16897.1075099
1605326400000,2020-11-14 04:00:00,LTCUSD,64.4,64.71,61.87,62.67,21908.8195489
1605240000000,2020-11-13 04:00:00,LTCUSD,62.14,66.63,61.27,64.4,24112.7426205
1605153600000,2020-11-12 04:00:00,LTCUSD,58.58,62.62,58.58,62.14,8538.0042153
1605067200000,2020-11-11 04:00:00,LTCUSD,59.69,60.62,57.76,58.58,9108.4900409
1604980800000,2020-11-10 04:00:00,LTCUSD,59.23,60.28,57.16,59.69,15034.0589642
1604894400000,2020-11-09 04:00:00,LTCUSD,60.93,61.75,57.45,59.23,13715.7231718
1604808000000,2020-11-08 04:00:00,LTCUSD,59.55,61.85,58.77,60.93,7294.7453366
1604721600000,2020-11-07 04:00:00,LTCUSD,63.42,64.34,57.12,59.55,23174.9435604
1604635200000,2020-11-06 04:00:00,LTCUSD,60.92,64.78,59.84,63.42,31097.2552312
1604548800000,2020-11-05 04:00:00,LTCUSD,55.66,62.37,54.98,60.92,31885.3589967
1604462400000,2020-11-04 04:00:00,LTCUSD,54.18,56.0,51.71,55.66,10384.3164954
1604376000000,2020-11-03 04:00:00,LTCUSD,52.16,54.52,51.55,54.18,13955.5033122
1604289600000,2020-11-02 04:00:00,LTCUSD,55.84,56.28,51.32,52.16,16174.5117112
1604203200000,2020-11-01 04:00:00,LTCUSD,55.18,56.82,54.12,55.84,8158.0082167
1604116800000,2020-10-31 04:00:00,LTCUSD,54.43,56.53,53.95,55.18,5656.6002332
1604030400000,2020-10-30 04:00:00,LTCUSD,54.36,55.34,52.33,54.43,12828.5444812
1603944000000,2020-10-29 04:00:00,LTCUSD,55.95,56.46,53.49,54.36,17194.5961565
1603857600000,2020-10-28 04:00:00,LTCUSD,59.65,60.14,54.7,55.95,18545.3753867
1603771200000,2020-10-27 04:00:00,LTCUSD,56.86,60.62,56.8,59.65,16727.86853
1603684800000,2020-10-26 04:00:00,LTCUSD,58.6,58.6,55.05,56.86,17729.3329704
1603598400000,2020-10-25 04:00:00,LTCUSD,58.69,59.98,56.7,58.6,13843.1758496
1603512000000,2020-10-24 04:00:00,LTCUSD,55.51,59.58,55.51,58.69,6698.4477549
1603425600000,2020-10-23 04:00:00,LTCUSD,54.63,57.0,53.56,55.51,13087.2190932
1603339200000,2020-10-22 04:00:00,LTCUSD,54.9,56.36,53.23,54.63,15330.629049
1603252800000,2020-10-21 04:00:00,LTCUSD,49.24,55.89,48.6,54.9,28378.9091031
1603166400000,2020-10-20 04:00:00,LTCUSD,48.37,49.53,46.5,49.24,6702.6317742
1603080000000,2020-10-19 04:00:00,LTCUSD,46.87,48.86,46.87,48.37,8564.3045853
1602993600000,2020-10-18 04:00:00,LTCUSD,47.11,47.9,46.83,46.87,2676.3127217
1602907200000,2020-10-17 04:00:00,LTCUSD,47.6,47.6,46.42,47.11,7197.6949646
1602820800000,2020-10-16 04:00:00,LTCUSD,49.77,49.77,45.74,47.6,43376.5671462
1602734400000,2020-10-15 04:00:00,LTCUSD,49.68,50.25,49.0,49.77,10672.9267668
1602648000000,2020-10-14 04:00:00,LTCUSD,49.96,51.04,49.31,49.68,10033.6995379
1602561600000,2020-10-13 04:00:00,LTCUSD,50.16,50.51,48.86,49.96,8034.8111037
1602475200000,2020-10-12 04:00:00,LTCUSD,50.14,51.55,49.31,50.16,19274.3765648
1602388800000,2020-10-11 04:00:00,LTCUSD,49.16,51.23,49.08,50.14,12174.6348585
1602302400000,2020-10-10 04:00:00,LTCUSD,49.9,50.34,48.5,49.16,8581.0194934
1602216000000,2020-10-09 04:00:00,LTCUSD,46.97,50.46,46.69,49.9,13997.1006313
1602129600000,2020-10-08 04:00:00,LTCUSD,46.37,47.33,46.37,46.97,1888.88223
1602043200000,2020-10-07 04:00:00,LTCUSD,45.65,46.91,45.41,46.37,6786.4752341
1601956800000,2020-10-06 04:00:00,LTCUSD,46.62,48.21,45.21,45.65,16759.1814082
1601870400000,2020-10-05 04:00:00,LTCUSD,46.32,46.67,45.56,46.62,5468.9372578
1601784000000,2020-10-04 04:00:00,LTCUSD,45.48,47.03,45.48,46.32,8218.968221
1601697600000,2020-10-03 04:00:00,LTCUSD,45.4,45.97,45.01,45.48,4412.1662095
1601611200000,2020-10-02 04:00:00,LTCUSD,46.49,46.86,43.28,45.4,23091.0330733
1601524800000,2020-10-01 04:00:00,LTCUSD,46.47,46.49,45.55,46.49,1166.9206
1601438400000,2020-09-30 04:00:00,LTCUSD,45.5,46.72,45.49,46.47,4499.4054147
1601352000000,2020-09-29 04:00:00,LTCUSD,45.56,45.77,44.95,45.5,3038.8260106
1601265600000,2020-09-28 04:00:00,LTCUSD,46.78,47.13,44.99,45.56,7289.7851208
1601179200000,2020-09-27 04:00:00,LTCUSD,46.2,47.05,44.63,46.78,6844.7758701
1601092800000,2020-09-26 04:00:00,LTCUSD,46.11,46.64,45.19,46.2,4847.5413666
1601006400000,2020-09-25 04:00:00,LTCUSD,44.73,46.65,44.05,46.11,12433.717533
1600920000000,2020-09-24 04:00:00,LTCUSD,43.54,45.01,43.54,44.73,672.8292945
1600833600000,2020-09-23 04:00:00,LTCUSD,44.4,45.07,42.32,43.54,15157.5983293
1600747200000,2020-09-22 04:00:00,LTCUSD,43.48,44.82,42.98,44.4,8792.6951749
1600660800000,2020-09-21 04:00:00,LTCUSD,47.13,47.62,41.7,43.48,29326.6521761
1600574400000,2020-09-20 04:00:00,LTCUSD,48.07,48.23,46.33,47.13,5992.1038069
1600488000000,2020-09-19 04:00:00,LTCUSD,48.33,48.88,47.99,48.07,2693.988813
1600401600000,2020-09-18 04:00:00,LTCUSD,48.67,48.67,47.54,48.33,1972.4386025
1600315200000,2020-09-17 04:00:00,LTCUSD,48.34,49.35,47.95,48.67,6344.9507522
1600228800000,2020-09-16 04:00:00,LTCUSD,47.94,49.63,47.58,48.34,11494.070797
1600142400000,2020-09-15 04:00:00,LTCUSD,49.62,50.16,47.32,47.94,8203.2561369
1600056000000,2020-09-14 04:00:00,LTCUSD,48.16,50.33,47.33,49.62,7831.6253602
1599969600000,2020-09-13 04:00:00,LTCUSD,50.82,50.82,47.16,48.16,7867.9149964
1599883200000,2020-09-12 04:00:00,LTCUSD,48.98,51.34,48.52,50.82,6269.8699439
1599796800000,2020-09-11 04:00:00,LTCUSD,47.61,49.51,47.48,48.98,6769.9332182
1599710400000,2020-09-10 04:00:00,LTCUSD,49.17,49.26,47.59,47.61,262.8933345
1599624000000,2020-09-09 04:00:00,LTCUSD,46.87,49.44,46.87,49.17,8306.6596661
1599537600000,2020-09-08 04:00:00,LTCUSD,48.61,49.03,46.16,46.87,9652.4536674
1599451200000,2020-09-07 04:00:00,LTCUSD,47.78,49.37,45.39,48.61,13509.970674
1599364800000,2020-09-06 04:00:00,LTCUSD,47.29,48.94,46.35,47.78,11646.7979539
1599278400000,2020-09-05 04:00:00,LTCUSD,50.04,50.42,45.5,47.29,10808.1498581
1599192000000,2020-09-04 04:00:00,LTCUSD,48.31,52.12,46.54,50.04,12954.4220297
1599105600000,2020-09-03 04:00:00,LTCUSD,57.42,57.71,45.36,48.31,30751.522601
1599019200000,2020-09-02 04:00:00,LTCUSD,62.45,63.15,56.55,57.42,13908.7344169
1598932800000,2020-09-01 04:00:00,LTCUSD,61.42,64.37,61.42,62.45,12347.4813254
1598846400000,2020-08-31 04:00:00,LTCUSD,62.36,62.94,59.81,61.42,12906.671397
1598760000000,2020-08-30 04:00:00,LTCUSD,58.63,63.64,57.96,62.36,9349.5807982
1598673600000,2020-08-29 04:00:00,LTCUSD,57.49,58.63,57.01,58.63,8917.2568436
1598587200000,2020-08-28 04:00:00,LTCUSD,56.32,58.24,56.32,57.49,3983.6372926
1598500800000,2020-08-27 04:00:00,LTCUSD,57.88,57.88,55.72,56.32,1117.291434
1598414400000,2020-08-26 04:00:00,LTCUSD,57.92,59.19,57.07,57.88,10193.409018
1598328000000,2020-08-25 04:00:00,LTCUSD,61.06,61.44,56.68,57.92,17103.1707639
1598241600000,2020-08-24 04:00:00,LTCUSD,61.63,62.96,60.8,61.06,6572.470008
1598155200000,2020-08-23 04:00:00,LTCUSD,58.83,61.88,58.26,61.63,6841.7501819
1598068800000,2020-08-22 04:00:00,LTCUSD,58.97,60.67,58.55,58.83,2057.0743543
1597982400000,2020-08-21 04:00:00,LTCUSD,63.8,63.9,57.79,58.97,12865.4364122
1597896000000,2020-08-20 04:00:00,LTCUSD,62.27,63.8,61.51,63.8,1395.7907402
1597809600000,2020-08-19 04:00:00,LTCUSD,62.63,63.9,58.88,62.27,23804.9441742
1597723200000,2020-08-18 04:00:00,LTCUSD,67.24,67.55,62.35,62.63,18779.3307236
1597636800000,2020-08-17 04:00:00,LTCUSD,63.6,69.0,62.46,67.24,28829.7947786
1597550400000,2020-08-16 04:00:00,LTCUSD,61.58,64.55,58.05,63.6,18422.5155678
1597464000000,2020-08-15 04:00:00,LTCUSD,57.73,62.95,56.78,61.58,17174.0701348
1597377600000,2020-08-14 04:00:00,LTCUSD,56.44,58.36,56.03,57.73,8441.1674528
1597291200000,2020-08-13 04:00:00,LTCUSD,54.51,57.5,52.0,56.44,17179.7234569
1597204800000,2020-08-12 04:00:00,LTCUSD,53.58,55.25,51.62,54.51,9557.8547549
1597118400000,2020-08-11 04:00:00,LTCUSD,58.32,58.55,52.45,53.58,20468.1044284
1597032000000,2020-08-10 04:00:00,LTCUSD,58.26,59.69,56.62,58.32,16864.5844429
1596945600000,2020-08-09 04:00:00,LTCUSD,58.21,58.49,56.21,58.26,3540.6088086
1596859200000,2020-08-08 04:00:00,LTCUSD,56.67,58.73,56.62,58.21,11999.2888412
1596772800000,2020-08-07 04:00:00,LTCUSD,59.65,61.09,54.77,56.67,19183.0617224
1596686400000,2020-08-06 04:00:00,LTCUSD,58.4,60.68,57.84,59.65,16297.9755762
1596600000000,2020-08-05 04:00:00,LTCUSD,57.49,59.94,57.35,58.4,13912.2345792
1596513600000,2020-08-04 04:00:00,LTCUSD,58.41,58.66,56.48,57.49,11438.2076852
1596427200000,2020-08-03 04:00:00,LTCUSD,57.2,59.87,57.2,58.41,5569.3559536
1596340800000,2020-08-02 04:00:00,LTCUSD,65.06,65.06,52.21,57.2,35297.049928
1596254400000,2020-08-01 04:00:00,LTCUSD,59.44,65.25,58.53,65.06,22748.0876611
1596168000000,2020-07-31 04:00:00,LTCUSD,56.02,59.72,56.02,59.44,10386.5292299
1596081600000,2020-07-30 04:00:00,LTCUSD,54.81,57.08,54.81,56.02,1403.4931739
1595995200000,2020-07-29 04:00:00,LTCUSD,56.23,57.0,54.23,54.81,14542.4159807
1595908800000,2020-07-28 04:00:00,LTCUSD,53.61,58.0,51.72,56.23,28734.3026497
1595822400000,2020-07-27 04:00:00,LTCUSD,48.71,56.0,47.0,53.61,41564.8556627
1595736000000,2020-07-26 04:00:00,LTCUSD,48.75,50.79,47.68,48.71,23491.2410899
1595649600000,2020-07-25 04:00:00,LTCUSD,46.95,49.56,46.82,48.75,19108.9754636
1595563200000,2020-07-24 04:00:00,LTCUSD,44.79,47.39,44.03,46.95,11837.5176294
1595476800000,2020-07-23 04:00:00,LTCUSD,45.06,45.64,44.48,44.79,8514.2712549
1595390400000,2020-07-22 04:00:00,LTCUSD,43.92,45.73,43.31,45.06,10702.362837
1595304000000,2020-07-21 04:00:00,LTCUSD,42.33,44.1,42.25,43.92,10370.8344045
1595217600000,2020-07-20 04:00:00,LTCUSD,42.68,42.71,41.43,42.33,8987.6839418
1595131200000,2020-07-19 04:00:00,LTCUSD,42.31,42.82,41.92,42.68,4275.3970668
1595044800000,2020-07-18 04:00:00,LTCUSD,41.9,42.94,41.87,42.31,3199.6181485
1594958400000,2020-07-17 04:00:00,LTCUSD,42.02,42.42,41.76,41.9,2987.2604637
1594872000000,2020-07-16 04:00:00,LTCUSD,43.27,43.27,41.92,42.02,310.42104
1594785600000,2020-07-15 04:00:00,LTCUSD,43.59,43.63,42.86,43.27,6437.718047
1594699200000,2020-07-14 04:00:00,LTCUSD,43.49,44.01,42.91,43.59,9785.6601776
1594612800000,2020-07-13 04:00:00,LTCUSD,44.66,45.56,42.63,43.49,18772.0804284
1594526400000,2020-07-12 04:00:00,LTCUSD,45.13,45.25,43.76,44.66,4814.6258468
1594440000000,2020-07-11 04:00:00,LTCUSD,44.32,45.13,44.06,45.13,2259.0421174
1594353600000,2020-07-10 04:00:00,LTCUSD,44.14,44.67,43.45,44.32,6039.0717802
1594267200000,2020-07-09 04:00:00,LTCUSD,44.88,45.84,43.61,44.14,15545.1335469
1594180800000,2020-07-08 04:00:00,LTCUSD,44.75,45.61,44.14,44.88,16716.9661492
1594094400000,2020-07-07 04:00:00,LTCUSD,43.81,44.8,43.07,44.75,10674.0518064
1594008000000,2020-07-06 04:00:00,LTCUSD,41.79,44.49,41.69,43.81,13373.6599395
1593921600000,2020-07-05 04:00:00,LTCUSD,41.87,41.89,40.96,41.79,4447.8021462
1593835200000,2020-07-04 04:00:00,LTCUSD,41.63,42.19,41.44,41.87,2277.8793783
1593748800000,2020-07-03 04:00:00,LTCUSD,41.15,41.72,41.06,41.63,3664.5775077
1593662400000,2020-07-02 04:00:00,LTCUSD,41.69,41.69,40.96,41.15,73.39817
1593576000000,2020-07-01 04:00:00,LTCUSD,41.27,42.08,41.16,41.69,5648.6301791
1593489600000,2020-06-30 04:00:00,LTCUSD,41.72,41.72,40.88,41.27,6144.8353457
1593403200000,2020-06-29 04:00:00,LTCUSD,41.06,42.24,40.59,41.72,13952.7418231
1593316800000,2020-06-28 04:00:00,LTCUSD,40.76,42.0,40.51,41.06,5196.6706456
1593230400000,2020-06-27 04:00:00,LTCUSD,42.91,43.03,39.17,40.76,14922.3380264
1593144000000,2020-06-26 04:00:00,LTCUSD,42.38,43.54,41.3,42.91,11098.5402949
1593057600000,2020-06-25 04:00:00,LTCUSD,41.97,42.89,41.97,42.38,4301.631933
1592971200000,2020-06-24 04:00:00,LTCUSD,44.31,44.64,41.63,41.97,13337.6058135
1592884800000,2020-06-23 04:00:00,LTCUSD,44.14,44.4,43.91,44.31,4467.9563951
1592798400000,2020-06-22 04:00:00,LTCUSD,43.51,44.51,43.5,44.14,11430.0455276
1592712000000,2020-06-21 04:00:00,LTCUSD,43.48,43.64,42.85,43.51,2014.8656731
1592625600000,2020-06-20 04:00:00,LTCUSD,43.09,43.83,42.28,43.48,4647.1607269
1592539200000,2020-06-19 04:00:00,LTCUSD,43.0,43.66,42.68,43.09,5603.2691937
1592452800000,2020-06-18 04:00:00,LTCUSD,43.93,43.93,42.84,43.0,661.64911
1592366400000,2020-06-17 04:00:00,LTCUSD,43.67,44.97,43.0,43.93,8168.6925984
1592280000000,2020-06-16 04:00:00,LTCUSD,44.08,44.08,43.35,43.67,5025.3879522
1592193600000,2020-06-15 04:00:00,LTCUSD,43.02,44.18,41.84,44.08,12137.5071428
1592107200000,2020-06-14 04:00:00,LTCUSD,44.68,44.78,42.79,43.02,8287.9594057
1592020800000,2020-06-13 04:00:00,LTCUSD,44.41,45.21,44.33,44.68,4132.0643735
1591934400000,2020-06-12 04:00:00,LTCUSD,43.69,45.36,43.51,44.41,9453.9431605
1591848000000,2020-06-11 04:00:00,LTCUSD,46.61,46.84,42.26,43.69,16449.5527878
1591761600000,2020-06-10 04:00:00,LTCUSD,45.92,47.15,45.74,46.61,18396.5569515
1591675200000,2020-06-09 04:00:00,LTCUSD,46.0,46.58,45.42,45.92,10718.3108617
1591588800000,2020-06-08 04:00:00,LTCUSD,46.71,46.81,45.35,46.0,13476.6946689
1591502400000,2020-06-07 04:00:00,LTCUSD,46.78,46.97,45.19,46.71,14882.3361061
1591416000000,2020-06-06 04:00:00,LTCUSD,46.57,47.14,46.36,46.78,5245.7352052
1591329600000,2020-06-05 04:00:00,LTCUSD,47.38,47.86,46.2,46.57,6676.5132614
1591243200000,2020-06-04 04:00:00,LTCUSD,48.04,48.07,46.34,47.38,13379.6649376
1591156800000,2020-06-03 04:00:00,LTCUSD,45.93,48.05,45.32,48.04,8779.9444198
1591070400000,2020-06-02 04:00:00,LTCUSD,48.62,49.88,44.06,45.93,16853.9035273
1590984000000,2020-06-01 04:00:00,LTCUSD,46.24,48.97,45.65,48.62,11995.3349489
1590897600000,2020-05-31 04:00:00,LTCUSD,46.41,47.47,45.13,46.24,18125.5368068
1590811200000,2020-05-30 04:00:00,LTCUSD,44.45,48.04,44.45,46.41,12850.0824938
1590724800000,2020-05-29 04:00:00,LTCUSD,44.9,45.01,44.19,44.45,5275.3082976
1590638400000,2020-05-28 04:00:00,LTCUSD,43.77,45.29,43.77,44.9,635.30553
1590552000000,2020-05-27 04:00:00,LTCUSD,42.48,44.0,42.39,43.77,5439.1698569
1590465600000,2020-05-26 04:00:00,LTCUSD,42.89,42.9,41.81,42.48,4850.2414833
1590379200000,2020-05-25 04:00:00,LTCUSD,42.66,43.29,42.39,42.89,5097.5194974
1590292800000,2020-05-24 04:00:00,LTCUSD,44.28,44.58,41.87,42.66,6790.1224252
1590206400000,2020-05-23 04:00:00,LTCUSD,44.47,44.57,43.73,44.28,3921.9480728
1590120000000,2020-05-22 04:00:00,LTCUSD,42.42,44.8,42.42,44.47,7858.7847036
1590033600000,2020-05-21 04:00:00,LTCUSD,44.15,44.17,41.64,42.42,5090.4134388
1589947200000,2020-05-20 04:00:00,LTCUSD,45.73,45.89,43.1,44.15,17444.1748336
1589860800000,2020-05-19 04:00:00,LTCUSD,44.18,46.14,44.18,45.73,14796.081792
1589774400000,2020-05-18 04:00:00,LTCUSD,45.7,46.58,44.15,44.18,15079.4649972
1589688000000,2020-05-17 04:00:00,LTCUSD,43.57,45.7,43.43,45.7,12252.2966793
1589601600000,2020-05-16 04:00:00,LTCUSD,43.41,43.89,42.83,43.57,5914.1712123
1589515200000,2020-05-15 04:00:00,LTCUSD,43.19,43.86,41.93,43.41,14956.9373103
1589428800000,2020-05-14 04:00:00,LTCUSD,43.07,43.95,42.52,43.19,8641.3281663
1589342400000,2020-05-13 04:00:00,LTCUSD,42.45,43.82,42.0,43.07,10133.1789493
1589256000000,2020-05-12 04:00:00,LTCUSD,41.84,42.87,41.41,42.45,12676.1153786
1589169600000,2020-05-11 04:00:00,LTCUSD,41.9,42.88,39.59,41.84,20683.9858288
1589083200000,2020-05-10 04:00:00,LTCUSD,42.11,43.2,39.99,41.9,13938.0599478
1588996800000,2020-05-09 04:00:00,LTCUSD,48.61,49.1,36.99,42.11,18256.9420925
1588910400000,2020-05-08 04:00:00,LTCUSD,47.49,48.65,46.48,48.61,19556.5907061
1588824000000,2020-05-07 04:00:00,LTCUSD,45.85,48.46,45.5,47.49,22480.873153
1588737600000,2020-05-06 04:00:00,LTCUSD,46.66,47.58,44.5,45.85,18304.4178704
1588651200000,2020-05-05 04:00:00,LTCUSD,46.91,47.8,45.95,46.66,6802.1336229
1588564800000,2020-05-04 04:00:00,LTCUSD,46.76,47.41,45.3,46.91,9325.8468607
1588478400000,2020-05-03 04:00:00,LTCUSD,49.85,49.85,46.0,46.76,18556.1686789
1588392000000,2020-05-02 04:00:00,LTCUSD,47.4,50.0,46.88,49.85,15351.5586449
1588305600000,2020-05-01 04:00:00,LTCUSD,46.82,48.3,46.48,47.4,14380.9500812
1588219200000,2020-04-30 04:00:00,LTCUSD,50.7,50.88,45.81,46.82,42634.6773375
1588132800000,2020-04-29 04:00:00,LTCUSD,46.02,50.7,45.81,50.7,22148.1815433
1588046400000,2020-04-28 04:00:00,LTCUSD,43.98,46.49,43.67,46.02,12754.2040841
1587960000000,2020-04-27 04:00:00,LTCUSD,44.89,44.95,43.3,43.98,9726.1854491
1587873600000,2020-04-26 04:00:00,LTCUSD,44.8,45.38,43.95,44.89,7022.4274383
1587787200000,2020-04-25 04:00:00,LTCUSD,44.81,45.47,44.17,44.8,3415.9391646
1587700800000,2020-04-24 04:00:00,LTCUSD,43.54,44.97,43.27,44.81,17935.8306496
1587614400000,2020-04-23 04:00:00,LTCUSD,41.5,43.75,41.5,43.54,721.7300182
1587528000000,2020-04-22 04:00:00,LTCUSD,40.72,42.36,40.63,41.5,15274.0868242
1587441600000,2020-04-21 04:00:00,LTCUSD,40.38,41.36,40.14,40.72,7014.2341156
1587355200000,2020-04-20 04:00:00,LTCUSD,42.99,43.34,39.58,40.38,21088.1078313
1587268800000,2020-04-19 04:00:00,LTCUSD,44.09,44.11,41.71,42.99,9854.7940777
1587182400000,2020-04-18 04:00:00,LTCUSD,42.65,44.92,42.33,44.09,9284.8342851
1587096000000,2020-04-17 04:00:00,LTCUSD,42.39,43.09,41.68,42.65,5543.4731486
1587009600000,2020-04-16 04:00:00,LTCUSD,38.97,43.74,38.9,42.39,15679.5926018
1586923200000,2020-04-15 04:00:00,LTCUSD,41.58,41.7,38.0,38.97,13761.3298244
1586836800000,2020-04-14 04:00:00,LTCUSD,41.54,41.87,40.63,41.58,5429.4718875
1586750400000,2020-04-13 04:00:00,LTCUSD,40.09,41.65,39.84,41.54,12963.287833
1586664000000,2020-04-12 04:00:00,LTCUSD,42.19,43.72,39.63,40.09,14531.0741288
1586577600000,2020-04-11 04:00:00,LTCUSD,42.79,43.11,41.55,42.19,11433.4382055
1586491200000,2020-04-10 04:00:00,LTCUSD,45.39,45.39,40.96,42.79,43788.1435708
1586404800000,2020-04-09 04:00:00,LTCUSD,45.9,46.49,45.28,45.39,2332.991426
1586318400000,2020-04-08 04:00:00,LTCUSD,46.73,47.23,45.1,45.9,21870.4136827
1586232000000,2020-04-07 04:00:00,LTCUSD,45.71,47.73,43.63,46.73,41262.5403774
1586145600000,2020-04-06 04:00:00,LTCUSD,40.63,46.29,40.63,45.71,48391.0411568
1586059200000,2020-04-05 04:00:00,LTCUSD,40.68,40.88,39.93,40.63,14878.4551942
1585972800000,2020-04-04 04:00:00,LTCUSD,40.27,41.2,40.0,40.68,10865.5152096
1585886400000,2020-04-03 04:00:00,LTCUSD,40.37,41.33,39.72,40.27,36254.0312484
1585800000000,2020-04-02 04:00:00,LTCUSD,39.58,43.0,39.1,40.37,28045.0804194
1585713600000,2020-04-01 04:00:00,LTCUSD,38.81,39.89,37.21,39.58,20217.548184
1585627200000,2020-03-31 04:00:00,LTCUSD,38.89,39.4,38.49,38.81,12973.0644276
1585540800000,2020-03-30 04:00:00,LTCUSD,37.62,39.72,37.62,38.89,19980.692506
1585454400000,2020-03-29 04:00:00,LTCUSD,38.63,38.71,37.01,37.62,8347.1124965
1585368000000,2020-03-28 04:00:00,LTCUSD,37.19,39.52,36.9,38.63,18904.20305
1585281600000,2020-03-27 04:00:00,LTCUSD,40.8,40.8,36.64,37.19,19635.4817671
1585195200000,2020-03-26 04:00:00,LTCUSD,39.71,41.35,39.71,40.8,2417.1295437
1585108800000,2020-03-25 04:00:00,LTCUSD,39.44,41.15,38.23,39.71,51932.5591393
1585022400000,2020-03-24 04:00:00,LTCUSD,38.95,41.07,38.44,39.44,54828.0397767
1584936000000,2020-03-23 04:00:00,LTCUSD,36.96,40.24,35.49,38.95,50044.0260082
1584849600000,2020-03-22 04:00:00,LTCUSD,39.37,39.76,34.57,36.96,56930.7447853
1584763200000,2020-03-21 04:00:00,LTCUSD,38.4,39.85,36.41,39.37,30654.8469158
1584676800000,2020-03-20 04:00:00,LTCUSD,38.61,43.81,34.33,38.4,124144.7031292
1584590400000,2020-03-19 04:00:00,LTCUSD,34.29,41.28,34.18,38.61,52034.0848798
1584504000000,2020-03-18 04:00:00,LTCUSD,34.75,35.5,32.4,34.29,47062.250959
1584417600000,2020-03-17 04:00:00,LTCUSD,35.19,35.99,33.19,34.75,50090.722857
1584331200000,2020-03-16 04:00:00,LTCUSD,35.69,35.86,29.37,35.19,60611.5205027
1584244800000,2020-03-15 04:00:00,LTCUSD,34.48,38.86,34.48,35.69,25442.1445156
1584158400000,2020-03-14 04:00:00,LTCUSD,37.38,37.38,33.8,34.48,37010.8931759
1584072000000,2020-03-13 04:00:00,LTCUSD,32.13,37.9,32.13,37.38,5866.6592288
1583985600000,2020-03-12 04:00:00,LTCUSD,46.11,46.11,30.8,32.13,13092.2885003
1583899200000,2020-03-11 04:00:00,LTCUSD,50.28,50.44,45.5,46.11,39951.3306195
1583812800000,2020-03-10 04:00:00,LTCUSD,50.27,51.44,48.93,50.28,35574.3678885
1583726400000,2020-03-09 04:00:00,LTCUSD,50.93,51.02,46.62,50.27,75607.7614332
1583640000000,2020-03-08 04:00:00,LTCUSD,58.84,59.39,49.71,50.93,40967.1796001
1583553600000,2020-03-07 04:00:00,LTCUSD,63.1,63.99,58.47,58.84,6664.3174863
1583467200000,2020-03-06 04:00:00,LTCUSD,61.66,63.99,61.38,63.1,24437.0794146
1583380800000,2020-03-05 04:00:00,LTCUSD,60.8,62.09,60.8,61.66,6498.91907
1583294400000,2020-03-04 04:00:00,LTCUSD,61.16,61.75,58.8,60.8,20493.5222564
1583208000000,2020-03-03 04:00:00,LTCUSD,61.45,62.31,59.45,61.16,19786.0363308
1583121600000,2020-03-02 04:00:00,LTCUSD,57.8,62.31,57.8,61.45,23724.5822577
1583035200000,2020-03-01 04:00:00,LTCUSD,59.65,60.08,56.26,57.8,15290.0315348
1582948800000,2020-02-29 04:00:00,LTCUSD,60.26,61.69,58.06,59.65,18452.2556158
1582862400000,2020-02-28 04:00:00,LTCUSD,62.21,62.37,56.62,60.26,14584.6545095
1582776000000,2020-02-27 04:00:00,LTCUSD,60.25,65.23,59.79,62.21,18856.8012829
1582689600000,2020-02-26 04:00:00,LTCUSD,68.52,69.82,57.04,60.25,44512.7141778
1582603200000,2020-02-25 04:00:00,LTCUSD,74.49,75.52,66.83,68.52,16529.8335408
1582516800000,2020-02-24 04:00:00,LTCUSD,76.61,77.49,71.8,74.49,16565.5671873
1582430400000,2020-02-23 04:00:00,LTCUSD,75.99,80.2,75.62,76.61,10199.2676528
1582344000000,2020-02-22 04:00:00,LTCUSD,74.57,76.65,73.07,75.99,7153.0329267
1582257600000,2020-02-21 04:00:00,LTCUSD,72.31,75.28,71.1,74.57,8358.9318835
1582171200000,2020-02-20 04:00:00,LTCUSD,70.95,72.94,70.95,72.31,404.56081
1582084800000,2020-02-19 04:00:00,LTCUSD,77.74,79.75,67.35,70.95,27040.7126348
1581998400000,2020-02-18 04:00:00,LTCUSD,74.45,79.17,70.27,77.74,23909.3910604
1581912000000,2020-02-17 04:00:00,LTCUSD,71.07,74.69,68.88,74.45,15633.1618002
1581825600000,2020-02-16 04:00:00,LTCUSD,79.83,80.0,67.7,71.07,18234.6470343
1581739200000,2020-02-15 04:00:00,LTCUSD,81.55,82.12,75.0,79.83,14491.6361756
1581652800000,2020-02-14 04:00:00,LTCUSD,80.86,83.8,78.65,81.55,13309.3519392
1581566400000,2020-02-13 04:00:00,LTCUSD,83.08,83.74,77.35,80.86,24126.2403656
1581480000000,2020-02-12 04:00:00,LTCUSD,78.23,84.48,77.89,83.08,19417.950605
1581393600000,2020-02-11 04:00:00,LTCUSD,72.76,78.52,72.63,78.23,18020.22041
1581307200000,2020-02-10 04:00:00,LTCUSD,75.62,76.02,72.48,72.76,11861.1012501
1581220800000,2020-02-09 04:00:00,LTCUSD,77.64,78.53,75.0,75.62,7289.5274508
1581134400000,2020-02-08 04:00:00,LTCUSD,71.95,77.91,71.95,77.64,7983.0956711
1581048000000,2020-02-07 04:00:00,LTCUSD,74.02,74.97,71.63,71.95,9282.1731003
1580961600000,2020-02-06 04:00:00,LTCUSD,74.0,75.12,73.5,74.02,810.94207
1580875200000,2020-02-05 04:00:00,LTCUSD,68.08,74.0,67.95,74.0,16364.3393859
1580788800000,2020-02-04 04:00:00,LTCUSD,68.68,69.01,66.3,68.08,10208.6990075
1580702400000,2020-02-03 04:00:00,LTCUSD,70.95,71.43,68.5,68.68,24453.3415994
1580616000000,2020-02-02 04:00:00,LTCUSD,68.65,73.22,67.79,70.95,18383.6763042
1580529600000,2020-02-01 04:00:00,LTCUSD,72.59,72.8,67.6,68.65,17017.4472726
1580443200000,2020-01-31 04:00:00,LTCUSD,68.51,72.59,65.35,72.59,31462.3119189
1580356800000,2020-01-30 04:00:00,LTCUSD,59.22,70.08,59.22,68.51,32777.9923859
1580270400000,2020-01-29 04:00:00,LTCUSD,61.18,61.78,58.35,59.22,8243.2181834
1580184000000,2020-01-28 04:00:00,LTCUSD,60.57,62.31,57.45,61.18,9788.7657227
1580097600000,2020-01-27 04:00:00,LTCUSD,56.31,61.4,55.84,60.57,10064.3392791
1580011200000,2020-01-26 04:00:00,LTCUSD,53.78,57.03,53.13,56.31,3906.1232653
1579924800000,2020-01-25 04:00:00,LTCUSD,52.79,54.2,52.72,53.78,5508.9856784
1579838400000,2020-01-24 04:00:00,LTCUSD,52.63,55.24,50.74,52.79,11348.1490851
1579752000000,2020-01-23 04:00:00,LTCUSD,56.75,56.75,51.31,52.63,806.31144
1579665600000,2020-01-22 04:00:00,LTCUSD,57.14,59.15,56.45,56.75,17788.326729
1579579200000,2020-01-21 04:00:00,LTCUSD,57.76,57.98,55.88,57.14,15149.5278434
1579492800000,2020-01-20 04:00:00,LTCUSD,56.83,58.15,55.74,57.76,7575.7734811
1579406400000,2020-01-19 04:00:00,LTCUSD,61.13,61.49,55.39,56.83,8154.2605336
1579320000000,2020-01-18 04:00:00,LTCUSD,61.28,62.44,58.06,61.13,10313.7488801
1579233600000,2020-01-17 04:00:00,LTCUSD,58.24,63.16,58.04,61.28,18437.4636071
1579147200000,2020-01-16 04:00:00,LTCUSD,55.41,58.94,55.32,58.24,10167.1392873
1579060800000,2020-01-15 04:00:00,LTCUSD,57.99,59.51,54.68,55.41,15341.2784242
1578974400000,2020-01-14 04:00:00,LTCUSD,53.82,60.93,53.21,57.99,38633.3647059
1578888000000,2020-01-13 04:00:00,LTCUSD,49.9,54.11,48.89,53.82,30771.5358455
1578801600000,2020-01-12 04:00:00,LTCUSD,50.66,51.57,49.71,49.9,7409.4561633
1578715200000,2020-01-11 04:00:00,LTCUSD,48.98,51.82,47.85,50.66,12550.6291473
1578628800000,2020-01-10 04:00:00,LTCUSD,44.49,49.85,43.65,48.98,20952.5220226
1578542400000,2020-01-09 04:00:00,LTCUSD,45.07,46.14,44.49,44.49,485.3459781
1578456000000,2020-01-08 04:00:00,LTCUSD,47.67,48.19,44.08,45.07,12594.2619783
1578369600000,2020-01-07 04:00:00,LTCUSD,45.23,48.6,44.55,47.67,29213.3685568
1578283200000,2020-01-06 04:00:00,LTCUSD,44.36,46.23,44.0,45.23,12977.6267076
1578196800000,2020-01-05 04:00:00,LTCUSD,43.03,44.64,42.63,44.36,7067.7045523
1578110400000,2020-01-04 04:00:00,LTCUSD,42.02,43.16,41.87,43.03,3690.5980687
1578024000000,2020-01-03 04:00:00,LTCUSD,39.2,42.28,39.2,42.02,5959.1229006
1577937600000,2020-01-02 04:00:00,LTCUSD,41.09,41.46,38.77,39.2,5461.0941797
1577851200000,2020-01-01 04:00:00,LTCUSD,41.5,42.0,41.09,41.09,1174.6422281
1577764800000,2019-12-31 04:00:00,LTCUSD,42.01,42.91,40.91,41.5,1523.7725643
1577678400000,2019-12-30 04:00:00,LTCUSD,42.84,44.0,41.73,42.01,4713.69015
1577592000000,2019-12-29 04:00:00,LTCUSD,42.65,43.56,42.21,42.84,1984.5945867
1577505600000,2019-12-28 04:00:00,LTCUSD,41.45,43.65,41.44,42.65,2678.7229358
1577419200000,2019-12-27 04:00:00,LTCUSD,40.25,41.79,39.59,41.45,3143.5059186
1577332800000,2019-12-26 04:00:00,LTCUSD,39.58,41.68,39.58,40.25,4116.1193188
1577246400000,2019-12-25 04:00:00,LTCUSD,39.95,40.47,39.45,39.58,979.36584
1577160000000,2019-12-24 04:00:00,LTCUSD,40.54,41.1,39.74,39.95,6200.55642
1577073600000,2019-12-23 04:00:00,LTCUSD,42.25,42.59,40.38,40.54,6036.9699232
1576987200000,2019-12-22 04:00:00,LTCUSD,39.77,42.5,39.77,42.25,4850.4311653
1576900800000,2019-12-21 04:00:00,LTCUSD,40.01,40.01,39.5,39.77,1498.7355932
1576814400000,2019-12-20 04:00:00,LTCUSD,39.7,40.35,39.48,40.01,3544.1510433
1576728000000,2019-12-19 04:00:00,LTCUSD,40.38,40.38,40.38,40.38,0.0
1576641600000,2019-12-18 04:00:00,LTCUSD,37.6,41.71,36.0,40.38,29119.2139117
1576555200000,2019-12-17 04:00:00,LTCUSD,39.73,39.78,36.31,37.6,20289.9177005
1576468800000,2019-12-16 04:00:00,LTCUSD,43.09,43.09,43.09,43.09,0.0
1576382400000,2019-12-15 04:00:00,LTCUSD,43.28,43.93,43.01,43.09,2162.4277524
1576296000000,2019-12-14 04:00:00,LTCUSD,44.4,44.46,42.92,43.28,3174.9119706
1576209600000,2019-12-13 04:00:00,LTCUSD,43.33,44.49,43.33,44.4,6.74622
1576123200000,2019-12-12 04:00:00,LTCUSD,43.33,43.33,43.33,43.33,0.0
1576036800000,2019-12-11 04:00:00,LTCUSD,43.86,44.41,42.96,43.33,6430.6774802
1575950400000,2019-12-10 04:00:00,LTCUSD,44.42,44.59,43.63,43.86,20260.6922867
1575864000000,2019-12-09 04:00:00,LTCUSD,45.48,45.87,44.11,44.42,9960.6650583
1575777600000,2019-12-08 04:00:00,LTCUSD,44.94,46.25,44.94,45.48,2719.5211677
1575691200000,2019-12-07 04:00:00,LTCUSD,45.43,46.62,44.94,44.94,10182.9971661
1575604800000,2019-12-06 04:00:00,LTCUSD,44.76,45.73,44.14,45.43,8676.6681509
1575518400000,2019-12-05 04:00:00,LTCUSD,44.05,44.05,44.05,44.05,0.0
1575432000000,2019-12-04 04:00:00,LTCUSD,44.05,47.12,43.74,44.05,26638.8264937
1575345600000,2019-12-03 04:00:00,LTCUSD,45.79,46.27,43.62,44.05,10941.57167
1575259200000,2019-12-02 04:00:00,LTCUSD,47.12,47.25,44.8,45.79,6495.6671833
1575172800000,2019-12-01 04:00:00,LTCUSD,45.93,48.3,45.93,47.12,2407.357348
1575086400000,2019-11-30 04:00:00,LTCUSD,48.25,48.59,45.7,45.93,5509.8273774
1575000000000,2019-11-29 04:00:00,LTCUSD,47.67,49.36,47.08,48.25,11324.5412171
1574913600000,2019-11-28 04:00:00,LTCUSD,47.75,47.96,46.28,47.67,4380.3754804
1574827200000,2019-11-27 04:00:00,LTCUSD,45.91,48.64,44.77,47.75,13050.2419526
1574740800000,2019-11-26 04:00:00,LTCUSD,46.89,47.42,45.79,45.91,4273.5018739
1574654400000,2019-11-25 04:00:00,LTCUSD,43.52,47.5,42.24,46.89,11722.6781929
1574568000000,2019-11-24 04:00:00,LTCUSD,47.2,47.7,42.76,43.52,5570.6301133
1574481600000,2019-11-23 04:00:00,LTCUSD,47.56,48.64,46.41,47.2,2164.1447719
1574395200000,2019-11-22 04:00:00,LTCUSD,50.41,51.69,43.65,47.56,20020.0177788
1574308800000,2019-11-21 04:00:00,LTCUSD,54.71,54.71,54.71,54.71,0.0
1574222400000,2019-11-20 04:00:00,LTCUSD,55.82,56.01,54.63,54.71,4560.9056089
1574136000000,2019-11-19 04:00:00,LTCUSD,55.82,55.82,55.82,55.82,0.0
1574049600000,2019-11-18 04:00:00,LTCUSD,58.6,59.02,53.8,55.82,15693.0583621
1573963200000,2019-11-17 04:00:00,LTCUSD,58.22,59.83,57.62,58.6,1753.5023531
1573876800000,2019-11-16 04:00:00,LTCUSD,57.43,58.82,57.22,58.22,1947.6139492
1573790400000,2019-11-15 04:00:00,LTCUSD,58.59,60.63,56.24,57.43,18380.3409019
1573704000000,2019-11-14 04:00:00,LTCUSD,60.75,60.75,58.2,58.59,8630.5312754
1573617600000,2019-11-13 04:00:00,LTCUSD,61.04,61.97,60.17,60.75,8550.3196468
1573531200000,2019-11-12 04:00:00,LTCUSD,61.84,61.84,61.84,61.84,0.0
1573444800000,2019-11-11 04:00:00,LTCUSD,63.26,63.26,60.41,61.84,5948.734252
1573358400000,2019-11-10 04:00:00,LTCUSD,61.87,66.16,61.01,63.26,22246.9418932
1573272000000,2019-11-09 04:00:00,LTCUSD,61.22,62.28,60.34,61.87,2824.998968
1573185600000,2019-11-08 04:00:00,LTCUSD,62.22,62.22,58.79,61.22,8249.9475975
1573099200000,2019-11-07 04:00:00,LTCUSD,62.96,63.13,60.27,62.22,7694.8303313
1573012800000,2019-11-06 04:00:00,LTCUSD,62.62,64.33,62.52,62.96,8444.3487891
1572926400000,2019-11-05 04:00:00,LTCUSD,62.19,64.17,61.07,62.62,6272.2314023
1572840000000,2019-11-04 04:00:00,LTCUSD,58.19,63.0,57.93,62.19,13694.3108142
1572753600000,2019-11-03 04:00:00,LTCUSD,58.44,58.77,57.4,58.19,3333.4138113
1572667200000,2019-11-02 04:00:00,LTCUSD,58.37,59.32,57.97,58.44,3300.2468812
1572580800000,2019-11-01 04:00:00,LTCUSD,57.76,58.88,56.84,58.37,6191.9005983
1572494400000,2019-10-31 04:00:00,LTCUSD,58.26,59.69,57.19,57.76,5583.916861
1572408000000,2019-10-30 04:00:00,LTCUSD,59.64,59.87,56.98,58.26,7100.9186734
1572321600000,2019-10-29 04:00:00,LTCUSD,59.33,61.01,57.98,59.64,6776.2544221
1572235200000,2019-10-28 04:00:00,LTCUSD,60.02,60.11,57.61,59.33,10942.8643887
1572148800000,2019-10-27 04:00:00,LTCUSD,56.04,62.8,56.04,60.02,10215.9419473
1572062400000,2019-10-26 04:00:00,LTCUSD,58.76,59.8,54.31,56.04,5999.4830799
1571976000000,2019-10-25 04:00:00,LTCUSD,48.73,64.07,48.73,58.76,12487.2991396
1571889600000,2019-10-24 04:00:00,LTCUSD,48.73,48.73,48.73,48.73,0.0
1571803200000,2019-10-23 04:00:00,LTCUSD,52.47,52.71,47.31,48.73,15139.6460468
1571716800000,2019-10-22 04:00:00,LTCUSD,55.07,55.07,52.16,52.47,3229.3817605
1571630400000,2019-10-21 04:00:00,LTCUSD,54.44,55.78,53.81,55.07,2528.4793681
1571544000000,2019-10-20 04:00:00,LTCUSD,53.29,55.48,52.77,54.44,2869.2711376
1571457600000,2019-10-19 04:00:00,LTCUSD,53.5,54.13,52.75,53.29,2204.0851604
1571371200000,2019-10-18 04:00:00,LTCUSD,54.5,54.5,52.21,53.5,6778.7463295
1571284800000,2019-10-17 04:00:00,LTCUSD,52.39,55.17,51.55,54.5,13817.6161207
1571198400000,2019-10-16 04:00:00,LTCUSD,54.9,55.37,51.13,52.39,7930.1635031
1571112000000,2019-10-15 04:00:00,LTCUSD,56.63,56.63,53.13,54.9,13120.8761061
1571025600000,2019-10-14 04:00:00,LTCUSD,56.68,57.43,56.17,56.63,4493.0559956
1570939200000,2019-10-13 04:00:00,LTCUSD,56.4,57.93,55.88,56.68,2225.1296919
1570852800000,2019-10-12 04:00:00,LTCUSD,56.24,56.59,55.63,56.4,915.9038025
1570766400000,2019-10-11 04:00:00,LTCUSD,57.71,58.48,55.47,56.24,11743.8510861
1570680000000,2019-10-10 04:00:00,LTCUSD,59.05,59.26,56.86,57.71,3916.7680367
1570593600000,2019-10-09 04:00:00,LTCUSD,57.01,60.09,56.66,59.05,6704.2550806
1570507200000,2019-10-08 04:00:00,LTCUSD,57.97,58.03,56.29,57.01,6228.2097569
1570420800000,2019-10-07 04:00:00,LTCUSD,54.86,58.61,54.54,57.97,5150.0285672
1570334400000,2019-10-06 04:00:00,LTCUSD,56.13,56.41,53.28,54.86,4621.1983615
1570248000000,2019-10-05 04:00:00,LTCUSD,56.59,57.43,55.75,56.13,2356.7708446
1570161600000,2019-10-04 04:00:00,LTCUSD,55.89,57.4,55.27,56.59,6747.4023539
1570075200000,2019-10-03 04:00:00,LTCUSD,56.03,56.03,56.03,56.03,0.0
1569988800000,2019-10-02 04:00:00,LTCUSD,56.17,56.74,55.27,56.03,5154.9699195
1569902400000,2019-10-01 04:00:00,LTCUSD,56.89,57.18,54.88,56.17,10496.8006526
1569816000000,2019-09-30 04:00:00,LTCUSD,53.57,57.6,52.61,56.89,6452.2806369
1569729600000,2019-09-29 04:00:00,LTCUSD,54.68,55.19,52.22,53.57,6667.8986384
1569643200000,2019-09-28 04:00:00,LTCUSD,55.57,56.17,54.06,54.68,2768.9881533
1569556800000,2019-09-27 04:00:00,LTCUSD,54.81,56.88,52.7,55.57,5853.9465817
1569470400000,2019-09-26 04:00:00,LTCUSD,56.16,57.36,50.32,54.81,12081.9752565
1569384000000,2019-09-25 04:00:00,LTCUSD,57.23,58.95,53.1,56.16,15987.0149744
1569297600000,2019-09-24 04:00:00,LTCUSD,66.59,67.24,54.0,57.23,26344.8655244
1569211200000,2019-09-23 04:00:00,LTCUSD,71.9,74.0,61.94,66.59,28651.246688
1569124800000,2019-09-22 04:00:00,LTCUSD,71.53,72.84,71.19,71.9,4107.3045237
1569038400000,2019-09-21 04:00:00,LTCUSD,74.69,74.9,71.35,71.53,10367.56959
1568952000000,2019-09-20 04:00:00,LTCUSD,75.59,76.46,72.92,74.69,6246.5194852
1568865600000,2019-09-19 04:00:00,LTCUSD,73.35,73.35,73.35,73.35,0.0
1568779200000,2019-09-18 04:00:00,LTCUSD,75.31,80.37,73.0,73.35,14511.308903
1568692800000,2019-09-17 04:00:00,LTCUSD,72.44,77.5,72.39,75.31,12612.1207448
1568606400000,2019-09-16 04:00:00,LTCUSD,71.39,73.64,69.5,72.44,5479.5212054
1568520000000,2019-09-15 04:00:00,LTCUSD,70.09,72.0,69.84,71.39,2636.0070828
1568433600000,2019-09-14 04:00:00,LTCUSD,68.81,71.5,68.38,70.09,2720.9007427
1568347200000,2019-09-13 04:00:00,LTCUSD,69.29,69.7,67.44,68.81,5881.7363079
1568260800000,2019-09-12 04:00:00,LTCUSD,69.23,69.81,68.39,69.29,2205.7262521
1568174400000,2019-09-11 04:00:00,LTCUSD,70.72,71.31,68.23,69.23,3385.8672591
1568088000000,2019-09-10 04:00:00,LTCUSD,71.79,72.6,69.67,70.72,7239.2174997
1568001600000,2019-09-09 04:00:00,LTCUSD,69.07,73.01,67.87,71.79,5153.9589881
1567915200000,2019-09-08 04:00:00,LTCUSD,71.09,71.56,68.43,69.07,3884.1999856
1567828800000,2019-09-07 04:00:00,LTCUSD,64.84,71.57,64.81,71.09,5705.9265764
1567742400000,2019-09-06 04:00:00,LTCUSD,66.15,66.15,64.84,64.84,44.17838
1567656000000,2019-09-05 04:00:00,LTCUSD,67.11,67.11,65.2,66.15,448.2304706
1567569600000,2019-09-04 04:00:00,LTCUSD,68.19,68.5,66.63,67.11,2752.3706585
1567483200000,2019-09-03 04:00:00,LTCUSD,66.97,70.95,66.83,68.19,7709.7727042
1567396800000,2019-09-02 04:00:00,LTCUSD,65.99,68.17,64.98,66.97,5893.9387294
1567310400000,2019-09-01 04:00:00,LTCUSD,64.97,67.21,64.16,65.99,4653.65439
1567224000000,2019-08-31 04:00:00,LTCUSD,64.3,65.32,62.48,64.97,4237.3665337
1567137600000,2019-08-30 04:00:00,LTCUSD,62.91,65.58,62.51,64.3,7832.2971781
1567051200000,2019-08-29 04:00:00,LTCUSD,65.81,66.18,62.11,62.91,12916.4772769
1566964800000,2019-08-28 04:00:00,LTCUSD,71.6,72.99,64.63,65.81,22248.3089845
1566878400000,2019-08-27 04:00:00,LTCUSD,72.42,73.54,71.6,71.6,5614.231007
1566792000000,2019-08-26 04:00:00,LTCUSD,74.03,74.71,72.3,72.42,1094.5920102
1566705600000,2019-08-25 04:00:00,LTCUSD,73.12,75.51,70.88,74.03,5597.6925468
1566619200000,2019-08-24 04:00:00,LTCUSD,74.2,74.56,71.79,73.12,1826.8801911
1566532800000,2019-08-23 04:00:00,LTCUSD,73.61,76.01,72.44,74.2,4704.7259735
1566446400000,2019-08-22 04:00:00,LTCUSD,71.52,74.99,71.52,73.61,441.3360214
1566360000000,2019-08-21 04:00:00,LTCUSD,73.99,74.03,69.9,71.52,11385.9978944
1566273600000,2019-08-20 04:00:00,LTCUSD,75.98,76.67,73.68,73.99,3007.6780003
1566187200000,2019-08-19 04:00:00,LTCUSD,77.04,78.84,75.67,75.98,8567.3654548
1566100800000,2019-08-18 04:00:00,LTCUSD,72.22,78.04,71.53,77.04,9378.3319107
1566014400000,2019-08-17 04:00:00,LTCUSD,74.13,74.65,71.63,72.22,5651.5733034
1565928000000,2019-08-16 04:00:00,LTCUSD,75.88,76.03,72.44,74.13,6197.8934685
1565841600000,2019-08-15 04:00:00,LTCUSD,75.01,77.68,70.24,75.88,8089.8696992
1565755200000,2019-08-14 04:00:00,LTCUSD,85.64,85.64,74.77,75.01,15544.1912992
1565668800000,2019-08-13 04:00:00,LTCUSD,84.65,86.52,82.99,85.64,7273.7031558
1565582400000,2019-08-12 04:00:00,LTCUSD,88.67,88.82,84.29,84.65,9602.6997147
1565496000000,2019-08-11 04:00:00,LTCUSD,86.37,91.46,84.93,88.67,7375.9601095
1565409600000,2019-08-10 04:00:00,LTCUSD,86.17,87.3,81.51,86.37,11690.7066422
1565323200000,2019-08-09 04:00:00,LTCUSD,89.0,89.33,82.36,86.17,27447.21727
1565236800000,2019-08-08 04:00:00,LTCUSD,91.2,91.2,89.0,89.0,188.752258
1565150400000,2019-08-07 04:00:00,LTCUSD,93.05,94.3,87.3,91.2,15522.832856
1565064000000,2019-08-06 04:00:00,LTCUSD,95.43,99.24,90.97,93.05,10771.6899531
1564977600000,2019-08-05 04:00:00,LTCUSD,95.3,107.1,93.87,95.43,21270.0854804
1564891200000,2019-08-04 04:00:00,LTCUSD,91.23,96.7,90.99,95.3,7292.2662263
1564804800000,2019-08-03 04:00:00,LTCUSD,95.7,96.09,90.56,91.23,13479.9547935
1564718400000,2019-08-02 04:00:00,LTCUSD,96.25,98.84,92.68,95.7,7666.9665791
1564632000000,2019-08-01 04:00:00,LTCUSD,96.78,100.85,96.0,96.25,8261.485798
1564545600000,2019-07-31 04:00:00,LTCUSD,91.29,99.96,91.18,96.78,10098.5029252
1564459200000,2019-07-30 04:00:00,LTCUSD,88.98,92.9,88.96,91.29,2597.9764635
1564372800000,2019-07-29 04:00:00,LTCUSD,90.66,91.99,87.81,88.98,6853.7762585
1564286400000,2019-07-28 04:00:00,LTCUSD,88.4,92.25,83.19,90.66,6984.7181129
1564200000000,2019-07-27 04:00:00,LTCUSD,94.75,94.75,86.79,88.4,8695.8316134
1564113600000,2019-07-26 04:00:00,LTCUSD,92.09,96.36,90.19,94.75,6587.2782054
1564027200000,2019-07-25 04:00:00,LTCUSD,95.38,95.38,91.11,92.09,459.415
1563940800000,2019-07-24 04:00:00,LTCUSD,88.45,97.1,88.1,95.38,14923.0135121
1563854400000,2019-07-23 04:00:00,LTCUSD,94.07,94.37,87.0,88.45,16857.1411862
1563768000000,2019-07-22 04:00:00,LTCUSD,99.38,99.74,91.24,94.07,23338.6516704
1563681600000,2019-07-21 04:00:00,LTCUSD,98.61,100.94,96.43,99.38,3100.7452454
1563595200000,2019-07-20 04:00:00,LTCUSD,99.57,105.99,96.78,98.61,10281.5143756
1563508800000,2019-07-19 04:00:00,LTCUSD,98.4,101.06,95.0,99.57,11981.7847728
1563422400000,2019-07-18 04:00:00,LTCUSD,89.51,104.88,89.1,98.4,26038.4084422
1563336000000,2019-07-17 04:00:00,LTCUSD,79.49,94.74,77.51,89.51,45796.2743754
1563249600000,2019-07-16 04:00:00,LTCUSD,89.25,91.41,76.68,79.49,52868.2995284
1563163200000,2019-07-15 04:00:00,LTCUSD,89.33,93.19,85.83,89.25,19859.4833396
1563076800000,2019-07-14 04:00:00,LTCUSD,101.17,101.24,84.9,89.33,28867.9473623
1562990400000,2019-07-13 04:00:00,LTCUSD,102.92,104.2,97.78,101.17,8871.042174
1562904000000,2019-07-12 04:00:00,LTCUSD,102.09,107.07,101.63,102.92,7017.8649229
1562817600000,2019-07-11 04:00:00,LTCUSD,103.66,105.9,100.79,102.09,1293.2188725
1562731200000,2019-07-10 04:00:00,LTCUSD,119.4,119.47,102.16,103.66,79623.7632042
1562644800000,2019-07-09 04:00:00,LTCUSD,122.81,123.44,117.95,119.4,18247.4229466
1562558400000,2019-07-08 04:00:00,LTCUSD,118.69,125.19,118.52,122.81,16302.6488987
1562472000000,2019-07-07 04:00:00,LTCUSD,118.13,121.0,117.15,118.69,4084.848584
1562385600000,2019-07-06 04:00:00,LTCUSD,120.54,122.02,117.42,118.13,5643.8629694
1562299200000,2019-07-05 04:00:00,LTCUSD,119.49,120.85,116.68,120.54,12149.8953167
1562212800000,2019-07-04 04:00:00,LTCUSD,119.6,127.23,118.2,119.49,12151.5915871
1562126400000,2019-07-03 04:00:00,LTCUSD,121.33,122.62,117.36,119.6,11933.5959261
1562040000000,2019-07-02 04:00:00,LTCUSD,125.3,125.3,112.07,121.33,25869.6004821
1561953600000,2019-07-01 04:00:00,LTCUSD,125.3,125.3,125.3,125.3,0.0
1561867200000,2019-06-30 04:00:00,LTCUSD,131.99,136.5,119.48,125.3,17535.9549891
1561780800000,2019-06-29 04:00:00,LTCUSD,115.75,136.28,115.01,131.99,20565.2924559
1561694400000,2019-06-28 04:00:00,LTCUSD,113.64,121.69,112.74,115.75,8898.4356756
1561608000000,2019-06-27 04:00:00,LTCUSD,129.61,129.74,109.88,113.64,29089.6255937
1561521600000,2019-06-26 04:00:00,LTCUSD,136.12,138.0,125.77,129.61,32542.525565
1561435200000,2019-06-25 04:00:00,LTCUSD,135.67,138.2,128.88,136.12,12583.0076681
1561348800000,2019-06-24 04:00:00,LTCUSD,134.92,136.93,132.2,135.67,11875.2384578
1561262400000,2019-06-23 04:00:00,LTCUSD,141.36,141.87,133.5,134.92,5451.924168
1561176000000,2019-06-22 04:00:00,LTCUSD,139.8,146.08,137.0,141.36,14131.7003751
1561089600000,2019-06-21 04:00:00,LTCUSD,137.85,143.99,135.6,139.8,24066.1542439
1561003200000,2019-06-20 04:00:00,LTCUSD,136.37,139.19,133.52,137.85,37232.7035436
1560916800000,2019-06-19 04:00:00,LTCUSD,134.37,139.63,134.22,136.37,13348.6985522
1560830400000,2019-06-18 04:00:00,LTCUSD,133.08,136.98,129.0,134.37,11898.6098711
1560744000000,2019-06-17 04:00:00,LTCUSD,135.84,137.0,132.33,133.08,7931.6874017
1560657600000,2019-06-16 04:00:00,LTCUSD,136.29,139.21,133.79,135.84,4363.4998635
1560571200000,2019-06-15 04:00:00,LTCUSD,135.1,139.9,134.31,136.29,5182.0568112
1560484800000,2019-06-14 04:00:00,LTCUSD,129.48,137.43,125.0,135.1,44210.5278335
1560398400000,2019-06-13 04:00:00,LTCUSD,135.0,135.0,128.85,129.48,3443.3916781
1560312000000,2019-06-12 04:00:00,LTCUSD,139.75,144.13,130.75,135.0,30474.9349414
1560225600000,2019-06-11 04:00:00,LTCUSD,128.29,141.36,125.55,139.75,22919.0964176
1560139200000,2019-06-10 04:00:00,LTCUSD,116.46,132.0,114.53,128.29,43357.0045637
1560052800000,2019-06-09 04:00:00,LTCUSD,117.43,118.84,111.8,116.46,4061.0604298
1559966400000,2019-06-08 04:00:00,LTCUSD,117.0,120.0,113.82,117.43,5913.220723
1559880000000,2019-06-07 04:00:00,LTCUSD,110.76,121.28,110.45,117.0,30399.9275691
1559793600000,2019-06-06 04:00:00,LTCUSD,105.48,112.31,101.09,110.76,14988.9757506
1559707200000,2019-06-05 04:00:00,LTCUSD,102.96,105.7,100.02,105.48,10193.9305969
1559620800000,2019-06-04 04:00:00,LTCUSD,102.0,105.5,97.65,102.96,15898.7525596
1559534400000,2019-06-03 04:00:00,LTCUSD,115.65,120.88,101.29,102.0,53303.4574558
1559448000000,2019-06-02 04:00:00,LTCUSD,113.37,119.0,112.12,115.65,18289.8866951
1559361600000,2019-06-01 04:00:00,LTCUSD,114.75,115.15,111.12,113.37,8207.3333558
1559275200000,2019-05-31 04:00:00,LTCUSD,107.45,115.96,107.45,114.75,2033.7244
1559188800000,2019-05-30 04:00:00,LTCUSD,116.99,120.87,102.0,107.45,49823.8305398
1559102400000,2019-05-29 04:00:00,LTCUSD,113.33,118.52,108.77,116.99,15414.8884248
1559016000000,2019-05-28 04:00:00,LTCUSD,115.91,117.23,111.7,113.33,10981.6437089
1558929600000,2019-05-27 04:00:00,LTCUSD,114.23,122.0,110.48,115.91,19531.1675577
1558843200000,2019-05-26 04:00:00,LTCUSD,101.99,115.5,99.7,114.23,15001.5829129
1558756800000,2019-05-25 04:00:00,LTCUSD,103.7,105.0,100.56,101.99,6992.3057541
1558670400000,2019-05-24 04:00:00,LTCUSD,89.37,105.28,88.5,103.7,20589.4012612
1558584000000,2019-05-23 04:00:00,LTCUSD,87.56,89.88,84.8,89.37,4434.2745314
1558497600000,2019-05-22 04:00:00,LTCUSD,91.56,92.35,85.55,87.56,22977.9350023
1558411200000,2019-05-21 04:00:00,LTCUSD,90.51,93.67,89.49,91.56,7506.7490073
1558324800000,2019-05-20 04:00:00,LTCUSD,92.64,93.55,87.77,90.51,12720.94825
1558238400000,2019-05-19 04:00:00,LTCUSD,91.91,97.32,90.32,92.64,6800.3066985
1558152000000,2019-05-18 04:00:00,LTCUSD,89.07,92.6,85.39,91.91,3521.686166
1558065600000,2019-05-17 04:00:00,LTCUSD,89.15,91.16,84.5,89.07,11005.2465321
1557979200000,2019-05-16 04:00:00,LTCUSD,103.8,104.75,82.76,89.15,54057.1972357
1557892800000,2019-05-15 04:00:00,LTCUSD,95.75,107.37,90.81,103.8,40895.3635582
1557806400000,2019-05-14 04:00:00,LTCUSD,91.64,95.75,86.24,95.75,17348.166994
1557720000000,2019-05-13 04:00:00,LTCUSD,86.1,93.51,84.58,91.64,47666.971196
1557633600000,2019-05-12 04:00:00,LTCUSD,88.59,94.16,82.61,86.1,15088.2270093
1557547200000,2019-05-11 04:00:00,LTCUSD,78.84,96.0,76.42,88.59,25146.2273384
1557460800000,2019-05-10 04:00:00,LTCUSD,73.12,79.16,73.12,78.84,2456.96315
1557374400000,2019-05-09 04:00:00,LTCUSD,75.08,75.23,72.28,73.12,11684.1081232
1557288000000,2019-05-08 04:00:00,LTCUSD,72.98,75.49,72.56,75.08,4205.8406159
1557201600000,2019-05-07 04:00:00,LTCUSD,76.8,76.99,71.5,72.98,4319.2549831
1557115200000,2019-05-06 04:00:00,LTCUSD,71.64,77.99,71.2,76.8,19319.3586175
1557028800000,2019-05-05 04:00:00,LTCUSD,76.72,77.12,70.92,71.64,9252.0791316
1556942400000,2019-05-04 04:00:00,LTCUSD,78.79,78.79,73.51,76.72,6637.036992
1556856000000,2019-05-03 04:00:00,LTCUSD,73.47,81.51,72.78,78.79,13792.6023024
1556769600000,2019-05-02 04:00:00,LTCUSD,72.53,73.58,71.5,73.47,6020.079646
1556683200000,2019-05-01 04:00:00,LTCUSD,73.14,75.5,71.2,72.53,11824.9060365
1556596800000,2019-04-30 04:00:00,LTCUSD,68.02,74.66,67.54,73.14,7105.4981973
1556510400000,2019-04-29 04:00:00,LTCUSD,67.89,68.7,65.1,68.02,8794.2031019
1556424000000,2019-04-28 04:00:00,LTCUSD,70.48,70.77,66.96,67.89,9319.5729228
1556337600000,2019-04-27 04:00:00,LTCUSD,71.36,71.87,69.69,70.48,2354.0324579
1556251200000,2019-04-26 04:00:00,LTCUSD,72.1,74.76,71.0,71.36,171.9264666
1556164800000,2019-04-25 04:00:00,LTCUSD,73.12,74.6,68.94,72.1,15432.7802109
1556078400000,2019-04-24 04:00:00,LTCUSD,73.9,74.5,70.47,73.12,12166.6400293
1555992000000,2019-04-23 04:00:00,LTCUSD,77.27,79.57,70.55,73.9,15063.4988232
1555905600000,2019-04-22 04:00:00,LTCUSD,75.77,78.31,75.71,77.27,6539.1469465
1555819200000,2019-04-21 04:00:00,LTCUSD,81.45,81.45,73.57,75.77,14180.6493725
1555732800000,2019-04-20 04:00:00,LTCUSD,82.5,82.86,79.89,81.45,4374.2687364
1555646400000,2019-04-19 04:00:00,LTCUSD,81.02,83.49,80.95,82.5,2841.848179
1555560000000,2019-04-18 04:00:00,LTCUSD,81.03,83.99,79.72,81.02,6504.4184587
1555473600000,2019-04-17 04:00:00,LTCUSD,80.65,81.64,78.69,81.03,3699.3476342
1555387200000,2019-04-16 04:00:00,LTCUSD,78.26,81.95,77.28,80.65,3517.0572771
1555300800000,2019-04-15 04:00:00,LTCUSD,83.87,84.06,75.0,78.26,14167.4247432
1555214400000,2019-04-14 04:00:00,LTCUSD,77.48,84.57,76.5,83.87,5255.3737265
1555128000000,2019-04-13 04:00:00,LTCUSD,82.4,82.4,76.5,77.48,2847.0764574
1555041600000,2019-04-12 04:00:00,LTCUSD,78.54,82.4,78.54,82.4,1468.9722146
1554955200000,2019-04-11 04:00:00,LTCUSD,85.05,85.86,75.35,78.54,23351.7661779
1554868800000,2019-04-10 04:00:00,LTCUSD,88.05,91.9,84.7,85.05,15123.8651974
1554782400000,2019-04-09 04:00:00,LTCUSD,87.24,89.63,84.1,88.05,5855.1416995
1554696000000,2019-04-08 04:00:00,LTCUSD,91.65,92.32,86.77,87.24,10624.1906889
1554609600000,2019-04-07 04:00:00,LTCUSD,93.4,95.78,89.0,91.65,4998.8890177
1554523200000,2019-04-06 04:00:00,LTCUSD,87.48,97.66,85.46,93.4,11429.8923221
1554436800000,2019-04-05 04:00:00,LTCUSD,84.32,90.31,84.32,87.48,8667.4856703
1554350400000,2019-04-04 04:00:00,LTCUSD,85.47,89.02,80.52,84.32,18469.4425032
1554264000000,2019-04-03 04:00:00,LTCUSD,83.35,99.59,75.51,85.47,103545.2712198
1554177600000,2019-04-02 04:00:00,LTCUSD,60.31,85.02,60.2,83.35,76244.3415341
1554091200000,2019-04-01 04:00:00,LTCUSD,60.68,60.68,60.09,60.31,4722.7938266
1554004800000,2019-03-31 04:00:00,LTCUSD,59.84,60.75,59.84,60.68,1883.6913264
1553918400000,2019-03-30 04:00:00,LTCUSD,60.54,60.83,59.71,59.84,2781.6628498
1553832000000,2019-03-29 04:00:00,LTCUSD,60.4,61.41,60.4,60.54,471.89941
1553745600000,2019-03-28 04:00:00,LTCUSD,60.48,60.66,60.0,60.4,5168.2359326
1553659200000,2019-03-27 04:00:00,LTCUSD,59.75,61.52,59.73,60.48,9007.8659841
1553572800000,2019-03-26 04:00:00,LTCUSD,58.39,60.17,57.4,59.75,8984.0977747
1553486400000,2019-03-25 04:00:00,LTCUSD,59.95,59.95,57.82,58.39,5361.8884069
1553400000000,2019-03-24 04:00:00,LTCUSD,60.07,60.08,58.81,59.95,2660.6562463
1553313600000,2019-03-23 04:00:00,LTCUSD,59.36,61.2,59.2,60.07,7392.3646194
1553227200000,2019-03-22 04:00:00,LTCUSD,58.43,59.37,58.43,59.36,48.3815495
1553140800000,2019-03-21 04:00:00,LTCUSD,59.68,60.04,57.15,58.43,4820.8593166
1553054400000,2019-03-20 04:00:00,LTCUSD,58.6,60.47,56.95,59.68,6197.9332759
1552968000000,2019-03-19 04:00:00,LTCUSD,59.05,59.6,58.33,58.6,4085.0957572
1552881600000,2019-03-18 04:00:00,LTCUSD,61.27,61.27,57.9,59.05,8492.5748638
1552795200000,2019-03-17 04:00:00,LTCUSD,60.04,62.13,59.59,61.27,3582.4500172
1552708800000,2019-03-16 04:00:00,LTCUSD,60.78,61.54,59.17,60.04,4422.0938726
1552622400000,2019-03-15 04:00:00,LTCUSD,55.9,61.44,55.53,60.78,13022.9680602
1552536000000,2019-03-14 04:00:00,LTCUSD,55.36,57.7,53.2,55.9,7884.4207849
1552449600000,2019-03-13 04:00:00,LTCUSD,56.35,56.66,54.32,55.36,5093.1737699
1552363200000,2019-03-12 04:00:00,LTCUSD,52.51,56.93,52.17,56.35,4798.2323439
1552276800000,2019-03-11 04:00:00,LTCUSD,56.86,57.41,52.35,52.51,7966.8684627
1552190400000,2019-03-10 04:00:00,LTCUSD,56.99,57.7,55.61,56.86,8063.4404208
1552104000000,2019-03-09 04:00:00,LTCUSD,56.55,58.81,56.13,56.99,12721.1120182
1552017600000,2019-03-08 04:00:00,LTCUSD,55.47,57.99,53.88,56.55,17850.9507566
1551931200000,2019-03-07 04:00:00,LTCUSD,56.62,58.58,54.0,55.47,21740.9041896
1551844800000,2019-03-06 04:00:00,LTCUSD,51.92,57.11,51.49,56.62,12478.1221148
1551758400000,2019-03-05 04:00:00,LTCUSD,45.58,54.16,45.58,51.92,32386.000535
1551672000000,2019-03-04 04:00:00,LTCUSD,47.2,47.27,44.67,45.58,4245.1866858
1551585600000,2019-03-03 04:00:00,LTCUSD,48.83,49.74,46.76,47.2,3317.1102451
1551499200000,2019-03-02 04:00:00,LTCUSD,48.38,49.75,46.11,48.83,2507.6142802
1551412800000,2019-03-01 04:00:00,LTCUSD,45.91,48.87,45.91,48.38,51.3099088
1551326400000,2019-02-28 04:00:00,LTCUSD,45.36,47.42,44.55,45.91,5773.474236
1551240000000,2019-02-27 04:00:00,LTCUSD,44.63,46.14,42.59,45.36,6643.7710897
1551153600000,2019-02-26 04:00:00,LTCUSD,45.5,45.5,43.77,44.63,5722.2224324
1551067200000,2019-02-25 04:00:00,LTCUSD,44.07,47.7,43.55,45.5,9089.7625649
1550980800000,2019-02-24 04:00:00,LTCUSD,52.37,52.79,42.57,44.07,25320.6862194
1550894400000,2019-02-23 04:00:00,LTCUSD,49.05,53.97,48.01,52.37,9444.7311832
1550808000000,2019-02-22 04:00:00,LTCUSD,49.05,50.25,47.77,49.05,4414.7768425
1550721600000,2019-02-21 04:00:00,LTCUSD,50.55,51.21,47.55,49.05,11384.1176993
1550635200000,2019-02-20 04:00:00,LTCUSD,47.19,52.0,46.17,50.55,13784.938446
1550548800000,2019-02-19 04:00:00,LTCUSD,47.1,48.59,46.46,47.19,6384.984244
1550462400000,2019-02-18 04:00:00,LTCUSD,44.05,48.95,43.66,47.1,23355.9491122
1550376000000,2019-02-17 04:00:00,LTCUSD,43.21,44.86,42.12,44.05,9437.7941614
1550289600000,2019-02-16 04:00:00,LTCUSD,43.45,44.44,42.47,43.21,3743.1504871
1550203200000,2019-02-15 04:00:00,LTCUSD,41.53,43.48,41.53,43.45,357.3292806
1550116800000,2019-02-14 04:00:00,LTCUSD,41.37,41.59,39.47,41.53,6322.0973992
1550030400000,2019-02-13 04:00:00,LTCUSD,43.62,44.21,40.3,41.37,5790.3245336
1549944000000,2019-02-12 04:00:00,LTCUSD,43.43,44.15,42.24,43.62,3258.0232047
1549857600000,2019-02-11 04:00:00,LTCUSD,43.84,44.56,41.41,43.43,6386.4951445
1549771200000,2019-02-10 04:00:00,LTCUSD,43.31,47.37,41.51,43.84,31303.1753901
1549684800000,2019-02-09 04:00:00,LTCUSD,43.09,45.99,42.3,43.31,11650.3000155
1549598400000,2019-02-08 04:00:00,LTCUSD,32.63,44.44,32.63,43.09,79271.8892919
1549512000000,2019-02-07 04:00:00,LTCUSD,32.79,33.3,32.59,32.63,1245.2163107
1549425600000,2019-02-06 04:00:00,LTCUSD,32.35,32.95,31.96,32.79,5917.9622749
1549339200000,2019-02-05 04:00:00,LTCUSD,33.77,34.1,32.29,32.35,6774.6516105
1549252800000,2019-02-04 04:00:00,LTCUSD,33.28,34.36,33.08,33.77,3883.788534
1549166400000,2019-02-03 04:00:00,LTCUSD,33.99,34.22,32.77,33.28,5995.7148757
1549080000000,2019-02-02 04:00:00,LTCUSD,32.9,34.7,32.2,33.99,6581.0415397
1548993600000,2019-02-01 04:00:00,LTCUSD,30.97,32.93,30.97,32.9,32.71461
1548907200000,2019-01-31 04:00:00,LTCUSD,31.92,31.96,30.51,30.97,5920.5250088
1548820800000,2019-01-30 04:00:00,LTCUSD,30.86,32.16,30.74,31.92,3838.2578939
1548734400000,2019-01-29 04:00:00,LTCUSD,30.69,31.06,30.0,30.86,4156.8180767
1548648000000,2019-01-28 04:00:00,LTCUSD,30.95,31.3,29.88,30.69,8574.8795399
1548561600000,2019-01-27 04:00:00,LTCUSD,32.76,32.76,30.87,30.95,6553.4643476
1548475200000,2019-01-26 04:00:00,LTCUSD,33.07,33.95,32.33,32.76,4752.5500348
1548388800000,2019-01-25 04:00:00,LTCUSD,32.66,34.5,31.84,33.07,7316.3592055
1548302400000,2019-01-24 04:00:00,LTCUSD,31.15,33.06,31.09,32.66,8287.273559
1548216000000,2019-01-23 04:00:00,LTCUSD,31.69,32.15,31.1,31.15,3451.9129388
1548129600000,2019-01-22 04:00:00,LTCUSD,30.75,31.93,29.5,31.69,13925.5718874
1548043200000,2019-01-21 04:00:00,LTCUSD,30.33,31.43,30.33,30.75,6753.6301229
1547956800000,2019-01-20 04:00:00,LTCUSD,32.75,33.13,30.19,30.33,11215.6152778
1547870400000,2019-01-19 04:00:00,LTCUSD,30.95,33.09,30.79,32.75,8474.6935887
1547784000000,2019-01-18 04:00:00,LTCUSD,31.25,31.94,30.95,30.95,465.1265254
1547697600000,2019-01-17 04:00:00,LTCUSD,30.69,37.5,30.05,31.25,19023.3184713
1547611200000,2019-01-16 04:00:00,LTCUSD,30.99,31.9,30.6,30.69,2422.0036998
1547524800000,2019-01-15 04:00:00,LTCUSD,32.28,32.46,30.26,30.99,8613.1571515
1547438400000,2019-01-14 04:00:00,LTCUSD,30.33,32.61,30.18,32.28,5285.5115086
1547352000000,2019-01-13 04:00:00,LTCUSD,32.88,32.92,29.52,30.33,10750.0249459
1547265600000,2019-01-12 04:00:00,LTCUSD,32.29,33.26,31.2,32.88,2011.6296371
1547179200000,2019-01-11 04:00:00,LTCUSD,32.51,39.3,31.11,32.29,12535.7078802
1547092800000,2019-01-10 04:00:00,LTCUSD,38.75,39.05,32.01,32.51,36309.6076792
1547006400000,2019-01-09 04:00:00,LTCUSD,39.68,39.85,38.43,38.75,9122.6473941
1546920000000,2019-01-08 04:00:00,LTCUSD,38.01,41.0,37.69,39.68,17346.3911385
1546833600000,2019-01-07 04:00:00,LTCUSD,38.49,39.47,37.23,38.01,14418.8295917
1546747200000,2019-01-06 04:00:00,LTCUSD,34.97,40.0,34.85,38.49,24673.6101151
1546660800000,2019-01-05 04:00:00,LTCUSD,33.09,36.0,32.62,34.97,8129.8249507
1546574400000,2019-01-04 04:00:00,LTCUSD,31.72,33.36,31.72,33.09,105.24742
1546488000000,2019-01-03 04:00:00,LTCUSD,32.78,32.91,31.0,31.72,8044.9241879
1546401600000,2019-01-02 04:00:00,LTCUSD,31.72,33.5,31.45,32.78,14411.2847509
1546315200000,2019-01-01 04:00:00,LTCUSD,29.72,32.02,29.59,31.72,7147.0046571
1546228800000,2018-12-31 04:00:00,LTCUSD,31.05,31.2,28.73,29.72,13164.9536017
1546142400000,2018-12-30 04:00:00,LTCUSD,31.36,32.25,30.22,31.05,1425.9869721
1546056000000,2018-12-29 04:00:00,LTCUSD,31.61,33.38,30.0,31.36,8961.1915521
1545969600000,2018-12-28 04:00:00,LTCUSD,27.9,33.49,27.69,31.61,11260.3698501
1545883200000,2018-12-27 04:00:00,LTCUSD,29.75,30.02,27.47,27.9,10004.826031
1545796800000,2018-12-26 04:00:00,LTCUSD,31.63,31.64,29.01,29.75,4827.2104705
1545710400000,2018-12-25 04:00:00,LTCUSD,30.0,31.85,29.7,31.63,9656.8782701
1545624000000,2018-12-24 04:00:00,LTCUSD,36.0,36.62,30.0,30.0,15632.6304174
1545537600000,2018-12-23 04:00:00,LTCUSD,32.41,36.03,32.11,36.0,12337.5892805
1545451200000,2018-12-22 04:00:00,LTCUSD,30.23,32.41,29.68,32.41,3446.9431581
1545364800000,2018-12-21 04:00:00,LTCUSD,31.45,32.38,29.61,30.23,11563.9596816
1545278400000,2018-12-20 04:00:00,LTCUSD,29.2,33.13,28.75,31.45,23607.0576537
1545192000000,2018-12-19 04:00:00,LTCUSD,30.45,31.64,28.67,29.2,9631.4439535
1545105600000,2018-12-18 04:00:00,LTCUSD,29.6,31.43,27.85,30.45,22511.9632858
1545019200000,2018-12-17 04:00:00,LTCUSD,25.61,30.47,25.61,29.6,69431.399012
1544932800000,2018-12-16 04:00:00,LTCUSD,25.97,26.66,25.05,25.61,15390.3936221
1544846400000,2018-12-15 04:00:00,LTCUSD,23.84,26.27,22.96,25.97,16370.6053829
1544760000000,2018-12-14 04:00:00,LTCUSD,22.81,23.95,22.0,23.84,8570.9936724
1544673600000,2018-12-13 04:00:00,LTCUSD,23.65,24.14,22.25,22.81,18940.4667532
1544587200000,2018-12-12 04:00:00,LTCUSD,23.45,24.9,23.22,23.65,24426.2266181
1544500800000,2018-12-11 04:00:00,LTCUSD,23.95,24.76,22.69,23.45,12485.7926164
1544414400000,2018-12-10 04:00:00,LTCUSD,25.0,25.06,23.62,23.95,12970.5771525
1544328000000,2018-12-09 04:00:00,LTCUSD,24.4,25.66,24.4,25.0,2252.6204022
1544241600000,2018-12-08 04:00:00,LTCUSD,25.08,25.74,22.94,24.4,12124.0565297
1544155200000,2018-12-07 04:00:00,LTCUSD,25.08,25.08,25.08,25.08,0.0
1544068800000,2018-12-06 04:00:00,LTCUSD,28.58,30.09,24.86,25.08,31283.0413535
1543982400000,2018-12-05 04:00:00,LTCUSD,30.17,30.5,28.44,28.58,11737.1778058
1543896000000,2018-12-04 04:00:00,LTCUSD,30.32,31.88,29.66,30.17,3246.8820722
1543809600000,2018-12-03 04:00:00,LTCUSD,32.12,32.29,29.62,30.32,10664.9281077
1543723200000,2018-12-02 04:00:00,LTCUSD,33.55,34.27,31.63,32.12,2844.5570524
1543636800000,2018-12-01 04:00:00,LTCUSD,31.36,34.99,31.36,33.55,2581.613203
1543550400000,2018-11-30 04:00:00,LTCUSD,33.89,33.89,30.82,31.36,7453.457796
1543464000000,2018-11-29 04:00:00,LTCUSD,33.15,35.17,32.85,33.89,7452.6795487
1543377600000,2018-11-28 04:00:00,LTCUSD,31.06,35.96,31.06,33.15,24957.3490248
1543291200000,2018-11-27 04:00:00,LTCUSD,29.56,31.22,28.18,31.06,5863.7310312
1543204800000,2018-11-26 04:00:00,LTCUSD,31.32,31.76,27.63,29.56,13840.5520871
1543118400000,2018-11-25 04:00:00,LTCUSD,27.5,31.89,26.4,31.32,10349.3377876
1543032000000,2018-11-24 04:00:00,LTCUSD,32.22,32.44,27.5,27.5,6332.336252
1542945600000,2018-11-23 04:00:00,LTCUSD,31.18,32.99,30.54,32.22,5569.4564943
1542859200000,2018-11-22 04:00:00,LTCUSD,34.41,34.56,28.47,31.18,6122.8123458
1542772800000,2018-11-21 04:00:00,LTCUSD,32.73,34.68,32.23,34.41,9336.1063803
1542686400000,2018-11-20 04:00:00,LTCUSD,36.79,37.01,30.22,32.73,10790.9280097
1542600000000,2018-11-19 04:00:00,LTCUSD,40.55,40.68,35.0,36.79,12806.6467209
1542513600000,2018-11-18 04:00:00,LTCUSD,42.25,42.88,40.27,40.55,1173.5299434
1542427200000,2018-11-17 04:00:00,LTCUSD,41.65,42.49,41.06,42.25,1595.7632552
1542340800000,2018-11-16 04:00:00,LTCUSD,43.09,43.09,41.61,41.65,23.7735742
1542254400000,2018-11-15 04:00:00,LTCUSD,42.8,43.73,39.59,43.09,7632.3098071
1542168000000,2018-11-14 04:00:00,LTCUSD,49.39,49.9,40.24,42.8,13613.3938789
1542081600000,2018-11-13 04:00:00,LTCUSD,50.12,50.48,48.35,49.39,4149.4122543
1541995200000,2018-11-12 04:00:00,LTCUSD,50.81,51.07,49.7,50.12,2690.0872426
1541908800000,2018-11-11 04:00:00,LTCUSD,51.8,51.8,49.64,50.81,1028.8506954
1541822400000,2018-11-10 04:00:00,LTCUSD,52.29,52.84,51.5,51.8,653.5173484
1541736000000,2018-11-09 04:00:00,LTCUSD,52.29,52.29,52.29,52.29,0.0
1541649600000,2018-11-08 04:00:00,LTCUSD,52.9,53.73,51.99,52.29,4343.8944718
1541563200000,2018-11-07 04:00:00,LTCUSD,55.96,55.96,52.8,52.9,4003.0387507
1541476800000,2018-11-06 04:00:00,LTCUSD,53.71,56.53,53.59,55.96,4270.1740092
1541390400000,2018-11-05 04:00:00,LTCUSD,53.37,53.89,52.9,53.71,3371.9235916
1541304000000,2018-11-04 04:00:00,LTCUSD,50.9,55.72,50.8,53.37,4197.1848159
1541217600000,2018-11-03 04:00:00,LTCUSD,51.21,51.79,50.55,50.9,731.2975065
1541131200000,2018-11-02 04:00:00,LTCUSD,50.79,51.77,50.29,51.21,2355.1045986
1541044800000,2018-11-01 04:00:00,LTCUSD,49.48,50.99,49.48,50.79,1981.39793
1540958400000,2018-10-31 04:00:00,LTCUSD,49.2,50.02,47.75,49.48,2393.9794659
1540872000000,2018-10-30 04:00:00,LTCUSD,48.71,49.28,48.0,49.2,4131.7185473
1540785600000,2018-10-29 04:00:00,LTCUSD,51.65,51.65,47.11,48.71,6091.3210816
1540699200000,2018-10-28 04:00:00,LTCUSD,51.59,51.7,51.15,51.65,2310.9995948
1540612800000,2018-10-27 04:00:00,LTCUSD,51.88,51.92,51.24,51.59,1214.8272153
1540526400000,2018-10-26 04:00:00,LTCUSD,51.68,52.09,51.18,51.88,3273.0825038
1540440000000,2018-10-25 04:00:00,LTCUSD,51.72,52.11,51.6,51.68,735.4829309
1540353600000,2018-10-24 04:00:00,LTCUSD,52.12,52.57,51.66,51.72,1784.5635432
1540267200000,2018-10-23 04:00:00,LTCUSD,51.62,52.48,51.32,52.12,2621.1389421
1540180800000,2018-10-22 04:00:00,LTCUSD,52.09,52.59,51.39,51.62,2901.2028653
1540094400000,2018-10-21 04:00:00,LTCUSD,53.24,53.24,51.98,52.09,886.8410784
1540008000000,2018-10-20 04:00:00,LTCUSD,51.88,52.75,51.88,52.75,1.0
1539921600000,2018-10-19 04:00:00,LTCUSD,51.88,51.88,51.88,51.88,0.0
1539835200000,2018-10-18 04:00:00,LTCUSD,53.52,53.87,51.25,51.88,3150.270139
1539748800000,2018-10-17 04:00:00,LTCUSD,52.92,54.5,52.43,53.52,4206.3918954
1539662400000,2018-10-16 04:00:00,LTCUSD,0.0,55.2,0.0,52.92,5601.926989
